Logistic_Regression,Random_Forest,XGBoost,SVM,y_true
0.282357324947,0.062,0.000282797671389,0.0542798697396,0
0.00011258949573,0.021,1.24543348647e-05,0.0352496109027,0
0.00108427288714,0.15,0.00120197143406,0.307256101256,0
0.887820200367,0.155,0.0719250813127,0.103448377377,0
0.105846667748,0.076,0.0005968453479,0.0242804548881,0
0.00682082382583,0.005,2.85664173134e-05,0.0319403996726,0
6.17554897908e-07,0.056,0.000163298318512,0.0784328633431,0
1.47422450328e-06,0.037,0.000126196537167,0.0784935889717,0
0.000137000030553,0.003,1.9271094061e-05,0.0250287007675,0
0.187494879154,0.088,0.00364371482283,0.136340136248,0
0.0141652431616,0.092,0.00145304133184,0.0841124648913,0
2.18422109375e-07,0.02,1.80524818916e-06,0.0468573488669,0
3.79896369353e-19,0.026,4.92330741508e-07,0.0555398724283,0
0.00410928074463,0.055,1.75092518475e-05,0.0332278150042,0
0.4329042412,0.021,0.000109356959001,0.0353668681655,0
0.0857991749602,0.3,0.992630124092,0.0946679077146,1
0.993105684365,0.157,0.00467220880091,0.0998123155065,0
0.000668502801446,0.12,9.34960189625e-05,0.0599511584211,0
0.028099476003,0.081,0.000125112186652,0.0239691558484,0
0.963694719417,0.205,0.133913695812,0.261665811618,1
0.0168447571517,0.094,0.00040694323252,0.0784935889736,0
0.992432144221,0.113,0.0101948212832,0.0790019424869,0
0.379360400202,0.307,0.134269952774,0.490802120653,1
0.81224791401,0.139,0.00246857712045,0.17503665583,0
4.90124269646e-10,0.001,5.01695421917e-06,0.0258726693352,0
0.0725528053788,0.043,0.00278178602457,0.0588682421022,0
0.0096272877539,0.043,0.000680744764395,0.00973180007166,0
1.57461981128e-05,0.004,2.09354057006e-05,0.0453217430287,0
2.90745670824e-08,0.091,2.9615157473e-05,0.0784933966782,0
0.163793641342,0.042,0.000638676225208,0.0385193669689,0
0.684131963051,0.303,0.189058735967,0.114672945134,1
0.585791681854,0.097,0.0793802291155,0.170252330944,0
1.16189309925e-09,0.001,4.46432665058e-07,0.0226907841447,0
0.302783326201,0.127,0.000549560121726,0.427143114452,0
3.0874607749e-19,0.083,0.000381263409508,0.0784935889717,0
0.860184268016,0.116,0.00480087986216,0.151860831567,0
0.0102962370497,0.064,7.45565848774e-05,0.00648277896282,0
1.25277745152e-07,0.048,9.08976346636e-07,0.0366331316661,0
0.0502718343263,0.055,0.00091140368022,0.0784935888988,0
0.43075438787,0.076,0.000152298554895,0.0239562129614,0
2.31195841216e-06,0.046,1.78642603714e-05,0.0600069911738,0
0.22374149866,0.131,0.000635275093373,0.252956747179,0
0.0453860061153,0.114,0.0203404370695,0.017929080601,0
0.437180392683,0.119,0.00367155298591,0.237804779377,0
0.0341571379606,0.11,0.00641921628267,0.0494493544269,0
2.68924054056e-17,0.002,5.4555476936e-07,0.035241077302,0
0.000185107418369,0.042,0.000219659341383,0.0320608492952,0
0.486011538573,0.101,0.599340319633,0.100346769533,1
0.00584673034757,0.036,0.00189392233733,0.0465584379379,0
0.147407820699,0.08,0.0105362972245,0.0597561036561,0
2.9202435365e-05,0.066,0.000193839834537,0.0509009560021,0
0.375147160529,0.08,0.00261589256115,0.0597687901725,1
0.839724569684,0.124,0.128254190087,0.0862974703288,1
0.259243571181,0.201,0.00914892461151,0.429859773788,0
0.453806040105,0.152,0.00338748376817,0.116959562209,0
0.00800909478727,0.036,0.00140845461283,0.0150476695731,0
0.172018997941,0.078,0.000149863699335,0.108067142372,1
0.00659474040253,0.032,2.13862131204e-05,0.010932385649,0
8.4098371203e-07,0.012,2.29267220675e-06,0.0314201636348,0
0.751353297316,0.02,6.20605569566e-05,0.0295966915349,0
0.99890428706,0.423,0.741589844227,0.0872216365367,1
0.0868712488233,0.14,0.0134167568758,0.0878867271761,0
0.957985509166,0.078,0.00134788721334,0.0780189010262,0
0.905288336602,0.391,0.991703093052,0.136221042722,0
0.222638173913,0.072,0.00671640690416,0.0663939330493,0
0.127792003802,0.057,0.00126267154701,0.261270896707,0
7.87717730376e-14,0.005,1.6596839032e-06,0.0602033186662,0
0.134502607534,0.138,0.00100616901182,0.176484448831,0
0.0299260791927,0.026,1.43590141306e-05,0.054970915033,0
0.0686332234686,0.141,0.010557779111,0.0825715754403,0
0.566922891775,0.181,0.176989912987,0.262867846825,0
0.983316144241,0.156,0.00653919670731,0.53822512049,1
3.93350178148e-11,0.006,5.05503123804e-07,0.0362177880621,0
2.35224166753e-19,0.009,2.03675355692e-07,0.0470692375883,0
1.82487691225e-07,0.067,4.32322085544e-05,0.0603905438054,0
1.38959340648e-05,0.085,4.74452899653e-05,0.0788998589528,0
0.0306589135315,0.072,0.00550427567214,0.0977980693327,0
0.0348365309965,0.053,0.000477248453535,0.0442442244704,0
2.06845659422e-05,0.071,2.71787976089e-05,0.0784717798162,0
0.0125244108962,0.106,0.00307605718262,0.0875089922565,0
9.54712139098e-05,0.059,0.000175000619492,0.0764671846692,0
0.0150914570128,0.017,1.03481243059e-05,0.0759296743903,0
0.0270480634139,0.065,4.88532641612e-05,0.0259909008519,0
0.132637363041,0.205,0.00111846160144,0.190253004922,0
0.97783267245,0.231,0.634520351887,0.511821818061,1
0.0311104218553,0.031,9.0452907898e-05,0.0940644677612,0
0.0014977282497,0.041,1.77561523742e-05,0.065156581504,0
0.00142644658296,0.047,0.000336480443366,0.039451161032,0
0.791764150848,0.106,0.00242542754859,0.230692066831,1
0.000173013117681,0.036,6.19186766926e-06,0.0494007190787,0
0.0676542043273,0.055,6.66493724566e-05,0.076593715395,0
0.0293294821399,0.053,0.00164162821602,0.0351121092774,0
0.13340037763,0.008,3.08629614665e-06,0.045285577558,0
1.10781816686e-08,0.068,0.00135412113741,0.0776049473597,0
0.00239452131691,0.04,0.000355252297595,0.0605824544809,0
2.10049994761e-13,0.088,0.00106818717904,0.0784935889717,0
0.053468328089,0.055,0.000518183922395,0.097239156377,0
0.0281997073652,0.139,0.00156169431284,0.147779656885,0
0.243326317436,0.101,0.00136109208688,0.0831884341935,0
6.40801665355e-05,0.089,0.00422050897032,0.068750795612,0
0.00632212765032,0.109,0.0178492479026,0.0804630198928,0
0.0304533824304,0.074,0.00419823499396,0.0667592133889,0
0.963916817063,0.055,6.11463692621e-05,0.0784935677195,0
0.681552479017,0.139,0.00428022583947,0.160988568806,0
0.000269792705247,0.005,2.08593610296e-06,0.0521846795215,0
0.761498542241,0.097,6.35749165667e-05,0.0132437460619,0
0.427035761604,0.106,0.0108167752624,0.0777677626482,0
0.00130971159304,0.143,0.0014063033741,0.239992872037,0
0.185201758445,0.07,0.000112573667138,0.0697635491255,0
1.62532272831e-17,0.0,1.71634894741e-07,0.0464044791453,0
0.997843118069,0.085,3.52711176674e-05,0.16237943061,0
0.0285780492143,0.059,0.000483921263367,0.0870124840348,0
0.0427647389651,0.021,0.000126334751258,0.0557231989788,0
5.61956814783e-07,0.098,0.0420869886875,0.0784935618329,0
0.00246743818045,0.044,5.307183892e-05,0.0425173364499,0
0.00914819305462,0.014,6.62422598907e-06,0.059529987355,0
0.243028893498,0.039,0.000271201948635,0.016357426601,0
3.53070472571e-07,0.008,6.51355912851e-06,0.0460628339895,0
1.63071431472e-06,0.039,7.39109891583e-05,0.0346455071667,0
4.63884768672e-11,0.006,2.54454771493e-05,0.0288827861169,0
0.560701019923,0.14,0.0380472205579,0.5,1
0.0606088115199,0.04,0.000105821069155,0.048460887984,0
0.938298689979,0.261,0.952101111412,0.0785010625394,1
0.171027345061,0.173,0.140397027135,0.0803642410382,0
0.0317630450013,0.075,0.00653810007498,0.0685055564385,0
0.00994479674535,0.052,4.27331615356e-05,0.0685464382672,0
2.47264794352e-08,0.055,8.35238552099e-06,0.0266466481562,0
0.000739492211333,0.063,3.02630196529e-05,0.0362642357179,0
0.142069106968,0.028,0.000405294762459,0.0786728416886,0
1.49180998266e-06,0.0,3.90888999391e-07,0.0430136988445,0
0.0787725855067,0.262,0.0130061162636,0.0818113067437,0
0.000244351250058,0.087,0.000524933973793,0.0449983992967,0
9.84024101573e-18,0.0,2.61902954435e-07,0.0585122660458,0
0.228171529404,0.048,1.52544371304e-05,0.0442272233356,0
0.000122854891698,0.004,1.25890016989e-06,0.0229422375803,0
0.957582371812,0.244,0.0201544668525,0.286520928299,1
9.79161243677e-10,0.04,7.93763465481e-05,0.0508755122894,0
0.000858263901057,0.109,0.00464344816282,0.0806494896839,0
0.488125719377,0.084,0.000261136039626,0.0230340639002,0
0.00271158844479,0.234,0.0271986052394,0.308547128496,0
0.0265440365069,0.046,0.00157129624858,0.0696066174165,0
0.176411534967,0.059,0.000202208102564,0.0480068101193,0
0.368118097132,0.151,0.0101840384305,0.241482375475,1
0.000568300262205,0.012,4.52318045063e-06,0.0443982651846,0
0.0569406954661,0.251,0.496316224337,0.240364638662,1
3.66298086635e-06,0.016,1.87947000541e-06,0.00818172249555,0
3.59421359018e-08,0.007,1.18046386888e-06,0.0527753945495,0
0.542818429846,0.119,0.0123629290611,0.0769184155283,0
0.00128248185779,0.237,0.00308079551905,0.0638069495674,0
2.30319347189e-05,0.07,0.000332570984028,0.0781759860532,0
0.00242699273201,0.059,0.000146442034747,0.0784941362428,0
0.579980913293,0.024,0.000506065203808,0.0681761852781,0
0.628936073518,0.336,0.136499017477,0.185305521859,1
0.00345965613959,0.065,0.000503896968439,0.043567646211,0
0.0951990911453,0.04,9.46625095821e-06,0.0764102501885,0
1.70812919857e-07,0.017,3.31572846335e-06,0.0685157846779,0
6.04683182148e-05,0.006,2.74869689747e-05,0.0281950962126,0
0.0011013251824,0.043,8.40847405925e-06,0.0449112843906,0
0.774070466488,0.033,0.000481373630464,0.0619753537663,0
8.42932206611e-07,0.016,3.13238797389e-06,0.0481219334778,0
1.49125736245e-07,0.015,6.24166887064e-06,0.0504121822357,0
0.792242556839,0.135,0.0386026315391,0.0783191085522,0
1.99506361452e-05,0.019,2.34030339925e-05,0.0675838832759,0
0.938604037299,0.174,0.0533008426428,0.079333554544,0
3.75870926389e-08,0.049,0.000540362729225,0.0729924783343,0
0.545450742352,0.073,0.00210173823871,0.104568262743,0
0.184414675448,0.059,8.99526421563e-05,0.189550519425,0
0.0728805641173,0.097,0.0658954903483,0.196045019084,0
0.647265810454,0.207,0.588226556778,0.0792011170562,1
0.168190529439,0.242,0.116743773222,0.255591982078,0
4.71812189669e-10,0.004,7.74874990839e-07,0.0149644716405,0
0.999593325255,0.228,0.602184712887,0.0848349857921,1
0.943092030021,0.194,0.038541816175,0.36829600149,0
2.76544964241e-07,0.026,5.99463874096e-07,0.0185563516673,0
0.0938954300322,0.145,0.0486332774162,0.075223393563,0
0.0135786895773,0.046,4.66358005724e-06,0.0547273799236,0
0.143701628256,0.164,0.011271359399,0.202404679419,0
0.00526699049934,0.18,0.0049172276631,0.0629832155648,0
5.93028437864e-07,0.018,1.17369040709e-06,0.0429359930699,0
0.0759739280504,0.077,0.00548539170995,0.0201145064742,0
5.80374094617e-10,0.015,1.56968576448e-06,0.0764895305693,0
0.000974664307483,0.043,0.000429075065767,0.0472505714415,0
0.397249096955,0.059,0.00224535237066,0.0766938480306,0
4.11034230933e-05,0.007,4.76326567878e-05,0.0258279092708,0
0.754419856837,0.271,0.146126523614,0.174553402279,0
4.38787190578e-08,0.048,8.86108027771e-05,0.0495449575937,0
0.000107377868272,0.079,0.000615000142716,0.077334012792,0
0.0273310529026,0.149,0.0261935256422,0.204178788547,1
4.3154126842e-10,0.02,2.57151242522e-07,0.0497712557476,0
0.000199229521398,0.06,0.0044308216311,0.0719417673593,0
5.387824204e-06,0.043,0.000140423057019,0.0587158676613,0
2.6460287405e-06,0.039,6.50408765068e-06,0.0240502685899,0
0.0203248381332,0.045,8.31302622828e-06,0.00766584369062,0
7.71672017257e-14,0.032,2.35362276726e-05,0.078376299377,0
7.0825611835e-05,0.059,0.000366176187526,0.0646680354333,0
8.96234899191e-09,0.022,6.96814140611e-07,0.0510079287687,0
1.09546994392e-05,0.019,4.16137118009e-06,0.0116653200873,0
0.0303517771798,0.126,0.100665360689,0.0518241149524,0
0.000574610298492,0.041,0.000654931238387,0.0375091461137,0
0.0146987466698,0.087,0.0406586043537,0.0838717095715,0
0.000514733798492,0.076,5.79981679039e-05,0.0784935889717,0
0.00724202662694,0.045,0.001021035132,0.0784935889735,0
0.000345279145204,0.001,4.5634496928e-06,0.0142153327707,0
0.0847654558646,0.058,0.000576520280447,0.0474179465341,0
0.71691319878,0.148,0.00155214848928,0.666421766264,0
0.000136688391005,0.041,1.13285932457e-05,0.0651645117611,0
7.72338833191e-07,0.036,1.1652032299e-06,0.06102258463,0
0.207701952337,0.093,0.00120774132665,0.0889646286238,0
4.32464848917e-05,0.006,0.000444082223112,0.0325217085452,0
0.602544425286,0.158,0.164674118161,0.0971716614018,0
0.000210076990333,0.031,9.67376399785e-06,0.0644869869995,0
0.999813578812,0.425,0.979020833969,0.162345016403,1
0.102710218841,0.109,0.0104226358235,0.0882144358831,0
0.0167772557369,0.059,0.00091935438104,0.0529378406538,0
0.00566405050863,0.061,3.1483861676e-05,0.00914574727272,0
0.962201181091,0.132,0.0135715873912,0.0938194215518,1
0.00455471481109,0.038,1.06505722215e-05,0.0779882181146,0
0.566529117039,0.061,0.000109170876385,0.0558913415373,0
0.0451287196703,0.07,0.00187416397966,0.101675099272,0
0.00733398848413,0.075,0.00253662862815,0.0306957745342,0
2.63057413842e-06,0.004,8.39660174279e-07,0.0650810337858,0
5.27297252742e-07,0.028,1.40203712817e-06,0.00998706902059,0
0.00248009290677,0.022,1.64224056789e-05,0.0425529869574,0
0.00260816812193,0.036,3.80531419069e-05,0.0562292354204,0
7.13701083006e-05,0.016,1.23321042338e-05,0.0784935330733,0
0.00626837598701,0.015,2.52402423939e-05,0.0478746648943,0
0.0221059950082,0.11,0.000881149317138,0.0335985712145,0
0.00119070008748,0.033,2.97688548017e-05,0.0149647417757,0
1.10956975493e-05,0.0,1.67119687831e-05,0.0287782933141,0
0.00748853725436,0.023,5.02049661009e-05,0.00814614967887,0
0.00125817814653,0.01,1.08148219624e-06,0.0233419581556,0
0.284987133691,0.159,0.00762757100165,0.511358550008,1
9.69397230131e-05,0.0,9.7436395663e-06,0.0137393215952,0
0.00146242333231,0.004,2.05611304409e-05,0.0348142931175,0
0.0060667103559,0.022,0.000211957492866,0.0266275914466,0
0.000749679317804,0.007,1.37034544423e-06,0.0219414912521,0
0.00913887988292,0.089,0.000399497104809,0.0640143663915,0
0.0110936006024,0.016,8.95152879821e-06,0.0237802608782,0
0.0901816979764,0.067,0.000364160892786,0.0227907724932,0
0.0647647325138,0.008,7.59113572713e-06,0.0366725015899,0
0.42716796593,0.069,0.000725371646695,0.0734271037633,0
0.00103059043048,0.088,0.0103747295216,0.101589103126,0
0.000640245436053,0.018,4.71143030154e-05,0.0234650022755,0
5.30574785679e-06,0.079,0.000433369918028,0.0612220051874,0
0.0721097700238,0.043,3.10480972985e-05,0.0495050060294,0
0.448160812315,0.076,0.000575428362936,0.048690863384,0
6.5068370821e-06,0.023,4.8359248467e-05,0.0575258401281,0
0.0511374221647,0.092,0.0006800077972,0.122972294474,0
0.0110188821666,0.085,5.97196885792e-05,0.0197024175111,0
8.52386248052e-15,0.0,5.98091583015e-06,0.0395843468864,0
0.141429422981,0.081,0.00016149620933,0.0675195110342,0
0.219400487654,0.185,0.147626414895,0.154791903856,1
2.33251819881e-06,0.039,3.58479064744e-06,0.0604537092903,0
1.64951032672e-10,0.007,4.22245102527e-06,0.0598745860774,0
0.037360732687,0.007,2.74620797427e-05,0.0291351245428,0
0.00325410090239,0.102,0.000147322294652,0.104355984976,0
0.111001062425,0.061,9.02082756511e-05,0.0601539392932,0
0.0156397412883,0.088,0.000117234834761,0.136111127215,0
0.0787017320681,0.026,0.00345775368623,0.0951317263679,0
0.158205531497,0.131,0.157731756568,0.346621779282,0
0.802702537416,0.436,0.0835104733706,0.146010055366,0
0.993663419175,0.251,0.337538391352,0.0787007497144,1
0.000109872597359,0.023,0.0003820778511,0.021873611128,0
0.922513640933,0.186,0.445629835129,0.0890491638624,0
0.00748648565186,0.069,0.00425055902451,0.0426713259355,0
1.41918830224e-19,0.001,1.87510534033e-06,0.0438075902031,0
0.013710339175,0.052,0.000759213929996,0.0440134361486,0
1.47186794809e-09,0.134,0.00068677199306,0.0808085354522,0
0.0133531523719,0.076,7.56085719331e-05,0.0255589299339,0
9.01679456479e-07,0.002,3.29527938447e-06,0.0202966142729,0
8.25480731894e-06,0.006,5.36489324077e-06,0.0617011842934,0
4.4041637676e-05,0.189,0.00668696081266,0.0509305742607,0
1.14644433753e-06,0.041,2.53424195762e-06,0.0432493947581,0
0.000250655133015,0.027,2.37491367443e-05,0.0676881592599,0
0.00406325565851,0.059,0.0005369290011,0.0172060165851,0
0.000270973981817,0.237,0.118051216006,0.0696305190253,0
6.33407026537e-05,0.068,0.00852193310857,0.0552003817908,0
6.60782612201e-07,0.012,2.52791051025e-06,0.0167325746638,0
0.00383882823012,0.037,0.000101839963463,0.0475041386483,0
0.00368172779936,0.208,0.012268172577,0.211025858927,0
3.76995718528e-06,0.027,6.08267828284e-06,0.0646645998891,0
0.865174653286,0.097,0.000416124035837,0.124207732762,0
4.63923810907e-05,0.074,0.000434325454989,0.0927033050843,0
2.79814641656e-08,0.027,0.000384916143958,0.0581593280439,0
1.40850190028e-05,0.122,0.000294381490676,0.0722892466182,0
9.86650042465e-12,0.001,1.39325197779e-06,0.022934809366,0
0.769485222126,0.09,0.0122814746574,0.0460907512321,0
0.259957825728,0.14,0.0282700359821,0.207106318514,0
0.0125893285014,0.044,0.00119698606431,0.0592723207818,0
0.195664817983,0.01,5.21653737451e-06,0.0605862258069,0
0.0163086814175,0.022,8.98250000319e-05,0.0574349812987,0
0.992784154903,0.204,0.719232559204,0.085785472687,1
0.0118780618787,0.059,7.69530888647e-05,0.0211993889887,0
9.35730038107e-05,0.062,1.21314478747e-05,0.0677305761746,0
0.633486206596,0.162,0.053427003324,0.814425492707,1
4.72533733722e-12,0.026,5.2243240134e-06,0.0742537210818,0
3.76738908875e-05,0.005,5.61313697744e-07,0.0508152630606,0
0.458805894082,0.035,0.000176756599103,0.0603877729317,0
0.00058783152427,0.037,7.44730732549e-06,0.0784935885009,0
3.44739237788e-05,0.008,4.79531481687e-05,0.04221280766,0
0.0264486684155,0.153,0.0342002213001,0.0270422420473,0
0.502421902509,0.111,0.000509575475007,0.0358159113529,0
0.305017091923,0.162,0.0735869705677,0.425060756818,0
3.57647937558e-06,0.025,5.05531315866e-05,0.00883359825656,0
0.000423611991108,0.027,5.54291618755e-05,0.0688103184515,0
0.00780766128548,0.123,0.00473216734827,0.240537897664,0
0.0742979471309,0.138,0.0112733095884,0.102093388069,0
0.91030890678,0.066,0.00169533665758,0.0324788708918,0
0.56403712559,0.054,0.000102616017102,0.152547476215,0
1.58605347372e-07,0.015,6.15182625552e-06,0.0299807084252,0
1.83983279396e-11,0.001,4.39571294919e-07,0.0327223637724,0
0.00998278499382,0.113,0.00281738606282,0.109631275054,1
0.0485097069715,0.048,0.000346681685187,0.0784935887266,0
4.16909965999e-07,0.033,3.41436207236e-05,0.0733500692528,0
0.704741973162,0.125,0.00574348680675,0.181543840059,0
0.336150047297,0.089,0.00672923913226,0.0887663556592,0
9.25056383168e-12,0.05,0.000795008731075,0.0704183319454,0
6.33216785402e-06,0.019,1.24839232285e-06,0.0714946093055,0
0.00102940932621,0.062,8.64391186042e-05,0.061354364096,0
0.0654780897037,0.12,0.00272145890631,0.138739518866,0
0.95315941731,0.39,0.972475528717,0.191637168973,1
5.45453818051e-20,0.005,4.95349513585e-06,0.0706553088274,0
0.0130882534129,0.132,0.000938370299991,0.0327455769642,0
5.42488992517e-05,0.053,4.66626042908e-05,0.0410964201589,0
0.0822854438244,0.052,4.98361478094e-05,0.020943004607,0
0.00985173203315,0.09,0.000693196721841,0.0902650637205,0
0.0214629332665,0.081,7.35332578188e-05,0.0829974674617,0
0.120806940671,0.29,0.520429909229,0.704464828949,0
0.00478439522626,0.09,0.00103867461439,0.079754848297,0
0.383517970437,0.026,0.000874295597896,0.0537228598725,0
0.776445025301,0.138,0.0571162812412,0.0785129729614,0
0.83551145805,0.118,0.253971338272,0.230409104448,0
1.34790069594e-09,0.022,4.63825335828e-06,0.0358511649508,0
0.000856962900311,0.048,2.88363498839e-05,0.0775149433512,0
0.519456116598,0.122,0.0884746089578,0.646120043641,0
0.000683853614138,0.025,0.000257998035522,0.0294336469652,0
8.15196795997e-05,0.025,3.68966611859e-05,0.0752288847751,0
0.00768730419967,0.058,7.50852314013e-06,0.0938832584997,0
1.76924777057e-06,0.039,7.95065716375e-05,0.0616382227457,0
3.66561686738e-05,0.08,3.18196907756e-05,0.0726932398106,0
0.943303101892,0.463,0.765129089355,0.19854265736,0
0.00346125087283,0.048,1.8185506633e-05,0.0166959619843,0
1.41668263477e-11,0.004,5.14166595167e-06,0.0549543051999,0
0.0154200942345,0.088,0.00605493877083,0.0604428846575,1
0.00169200834395,0.004,4.44391753263e-06,0.0517128514025,0
0.121178067814,0.06,9.69435768639e-06,0.0301483165628,0
0.57369619284,0.159,0.25112849474,0.108527123706,1
5.71231471678e-05,0.0,2.05171136258e-06,0.0272848603096,0
0.00170652787317,0.034,1.17977551781e-05,0.0763780053808,0
7.5409290565e-07,0.038,1.68971695302e-07,0.0354147944209,0
0.00213743565488,0.085,4.51183723271e-06,0.0281482412041,0
0.972068771637,0.059,0.00148166099098,0.131360780775,0
0.149981982417,0.073,0.000250204408076,0.10877187179,0
1.14042746973e-08,0.073,2.4908917112e-05,0.0611811564487,0
1.50223489769e-07,0.049,1.22991832541e-05,0.0479511561169,0
0.000137462045626,0.035,0.000196425797185,0.0564067535199,0
0.000309684772404,0.06,8.05391027825e-05,0.0790639158114,0
0.534470717906,0.215,0.718508958817,0.220440970756,1
0.242048745249,0.044,0.00459993351251,0.0603623131075,0
0.0341860063463,0.059,0.00215288437903,0.0749111386483,0
0.0108387936751,0.043,5.21640431543e-05,0.054866872112,0
0.051164153829,0.086,0.000441696494818,0.141440763188,0
0.509392653705,0.072,0.0034752797801,0.124798553265,0
0.000316162059334,0.023,1.55163052113e-05,0.0450090758663,0
0.000122333763802,0.0,7.50773551772e-06,0.031322267623,0
1.17808651661e-08,0.02,2.49883596553e-05,0.0547009408558,0
0.000158623815194,0.031,3.40955266438e-05,0.0362694860156,0
4.082721582e-06,0.023,8.05090348877e-06,0.00753607174896,0
0.00161241376062,0.077,0.00120308308396,0.0730470544325,0
0.00492921193351,0.058,1.78423692887e-06,0.0685513261268,0
0.99945886942,0.304,0.708985805511,0.105329360003,1
1.35718928116e-06,0.142,0.00698111904785,0.0784894653906,0
0.00295910395515,0.014,1.03692054836e-05,0.0169526520778,0
0.00017621588297,0.092,0.000107866930193,0.0789286901074,0
0.192795714023,0.154,0.000777971465141,0.145271279877,0
1.12246764437e-05,0.07,0.0345929041505,0.0779340037329,0
0.0223326541858,0.066,3.07761256408e-05,0.0308028260551,0
0.000399765216768,0.008,0.000694009067956,0.0457921710341,0
0.958871755866,0.069,0.000383421342121,0.0860113570723,0
0.00684835639799,0.076,0.00016566098202,0.0456244067905,0
0.00598453420848,0.049,2.10627495107e-05,0.0614780584636,0
2.1480882675e-07,0.048,5.12760307174e-05,0.0253035117464,0
0.624556536386,0.23,0.236445397139,0.553400830783,1
0.0482049082873,0.054,5.35193903488e-05,0.0772119391266,0
0.996788572948,0.313,0.276880562305,0.0948243337857,0
0.000271185533421,0.067,3.98021875299e-05,0.0452562354564,0
1.07723428762e-09,0.01,1.22686542454e-05,0.0438092541433,0
0.983121877372,0.259,0.284865856171,0.914960435072,1
0.027891159982,0.091,0.00025509565603,0.0729345717844,0
0.020631402238,0.059,0.000243956339546,0.0870703249703,0
0.000461062244218,0.069,5.25434297742e-05,0.0784795466283,0
0.000154934076361,0.062,8.23614100227e-05,0.0602350154448,0
0.425344553295,0.051,0.000305980734993,0.0645676579098,0
0.136903747107,0.103,0.000658481498249,0.0793378493058,0
0.0183031723503,0.072,0.0011777007021,0.0554809720756,0
1.23232122369e-06,0.015,2.61545010289e-05,0.0416318290669,0
0.0055944809022,0.083,0.000415962393163,0.0666894265501,0
0.0140004177151,0.043,3.15471261274e-05,0.0148662832777,0
9.68918145752e-06,0.038,1.38113398407e-06,0.0674422253441,0
1.38437987764e-06,0.027,4.76176410302e-06,0.0356164332873,0
1.78304311849e-11,0.001,3.24281390931e-05,0.035385861334,0
0.975467430989,0.119,0.0108074778691,0.115296488834,0
4.72531338201e-11,0.054,0.000181920273462,0.0776630795596,0
0.426784274861,0.096,0.0020792146679,0.0901748161299,0
0.0271819600724,0.015,1.0017608929e-06,0.0232264790804,0
3.30092782556e-05,0.067,0.00751873897389,0.0923617856697,0
0.997419283466,0.073,0.0155215328559,0.0928959562923,1
0.0136983448539,0.017,3.02141979773e-05,0.0343220111685,0
0.637480547365,0.435,0.409559488297,0.0785606115783,0
0.0145645612094,0.057,0.000182764008059,0.0827084884811,0
3.92938348634e-39,0.086,8.57568829815e-06,0.0784935889717,0
1.61370550169e-07,0.045,0.000262112094788,0.0784824134973,0
0.14582158925,0.302,0.312843888998,0.79926886669,1
4.0588961943e-08,0.035,2.90936810643e-07,0.0283563893927,0
3.42858423706e-05,0.046,1.7713784473e-05,0.0615948225926,0
0.00107316141254,0.085,4.71821949759e-05,0.0399746912506,0
0.0139447634753,0.083,0.001111971098,0.367885917291,0
0.00757952533013,0.079,0.000652169459499,0.0602105919089,0
4.02426400908e-05,0.032,2.74633453046e-06,0.0359499702244,0
0.0536841909848,0.08,0.000235446525039,0.0619117361502,0
0.0171951294468,0.211,0.336473315954,0.230046974962,0
0.0232840705066,0.045,0.000148720311699,0.0497364316832,0
0.224978655173,0.213,0.236504226923,0.316630283285,0
7.47497821604e-06,0.0,1.4226905023e-06,0.02087197737,0
0.679814318845,0.299,0.343945682049,0.43848406678,1
0.774307901046,0.236,0.740185678005,0.096240887575,1
0.000367087243295,0.063,0.000773436913732,0.0708969379312,0
0.548663126999,0.078,0.00873207114637,0.0686436527149,0
0.0371468106889,0.077,0.00076882133726,0.0799339501977,0
0.0183073816658,0.058,0.00439061643556,0.0769847484556,0
0.915505123861,0.266,0.0124928522855,0.330531050835,0
0.0964621497248,0.123,0.000176188535988,0.0496067844954,0
0.128601244036,0.064,0.000232079502894,0.0679912522847,0
0.00111874841424,0.021,3.68345831703e-06,0.0140053754918,0
0.0544583367804,0.083,0.00244438531809,0.146690147631,0
0.000971819851703,0.03,0.000797789776698,0.0477761449891,0
0.0294704445999,0.07,0.000373642600607,0.0823822581591,0
4.24350558063e-06,0.02,7.75088265073e-05,0.054927229025,0
1.80549115454e-05,0.024,1.78102345672e-05,0.0404312120963,0
0.554920976473,0.058,0.00224210205488,0.0587809974293,0
0.986993576553,0.394,0.167888835073,0.0829448478538,1
0.0115070619275,0.014,2.09140744118e-05,0.0518021237551,0
0.0175293343345,0.12,0.342268675566,0.188017520798,0
0.805093578265,0.29,0.435643315315,0.184958611651,0
0.121018548603,0.092,0.00151199079119,0.136346012869,0
0.000712652532789,0.035,0.000112983289,0.0385814056387,0
0.000553698116959,0.069,0.000111010063847,0.100228309398,0
0.0104347002866,0.087,0.00065583572723,0.563226032062,0
6.90286560588e-05,0.037,0.000179698385182,0.0331441937632,0
6.53360574406e-06,0.001,2.00095928449e-05,0.0479071867951,0
0.81285673787,0.135,0.00159160175826,0.144704060474,0
0.00839171712631,0.05,0.000183304335224,0.0283265541401,0
0.0136077363607,0.097,0.00526256905869,0.0805172202543,0
0.461689915326,0.054,5.18067135999e-05,0.0781941764078,0
0.127116505306,0.018,1.39319936352e-05,0.0576748399935,0
0.0582035379849,0.099,0.00196653790772,0.114179401957,0
0.966846096066,0.145,0.0777031332254,0.676761641294,0
0.0294906529757,0.128,0.00292789400555,0.0785885663713,0
0.046067558012,0.062,4.44287761638e-05,0.0333201099122,0
0.000579599265495,0.084,4.89372869197e-05,0.109012511342,0
0.0271980069371,0.007,1.84902473848e-05,0.0350626149269,0
2.02946947808e-09,0.167,0.00817412044853,0.0799226714802,0
0.0400092340641,0.11,0.0628977939487,0.0746726655594,0
7.07036245797e-12,0.013,0.000422374170739,0.0524419347665,0
3.28608582629e-12,0.003,2.87203852167e-06,0.0444202517513,0
3.40818090845e-07,0.022,6.50535014302e-07,0.0605788838434,0
0.000419154636453,0.045,0.000234136270592,0.0397804029259,0
0.0375478593673,0.102,0.000601802370511,0.0672400382685,0
0.00397793868682,0.078,0.00034463807242,0.0618965792417,0
0.0571037803535,0.102,0.0156554672867,0.09176099595,0
0.863530428171,0.166,0.149990707636,0.109547618061,1
9.27145212781e-06,0.014,1.07107498479e-05,0.0324790745843,0
0.000352175371076,0.027,1.06360266727e-05,0.0153460836219,0
7.04541934823e-05,0.004,3.94280596083e-06,0.027849173946,0
5.09220771334e-09,0.002,1.67160393971e-07,0.0555737106065,0
0.000158722696458,0.002,7.70401641148e-07,0.0362608814651,0
1.20744305264e-12,0.002,8.1471480371e-06,0.0306261187803,0
1.78224673058e-10,0.001,4.91141418024e-06,0.0412072568703,0
0.00297910581613,0.004,3.51988273906e-06,0.0336408082331,0
0.000679638235678,0.092,0.000353542884113,0.0761972932393,0
1.1171356471e-06,0.02,6.86804269208e-05,0.0159939876769,0
1.40508802033e-05,0.038,3.87824802601e-05,0.0311981948169,0
0.13945617787,0.031,1.99368314497e-05,0.0607173410717,0
0.0211290236769,0.04,3.82981716029e-06,0.0514957786205,0
0.538982722212,0.105,0.0236652046442,0.754464234633,0
0.0253079976444,0.067,0.000720146927051,0.0567820080345,0
1.87422240997e-12,0.011,8.16992178443e-06,0.0538157657235,0
0.00020963576372,0.137,0.000484295742353,0.078525456715,0
0.104090381863,0.063,0.000183614320122,0.0582564838063,1
1.42953374175e-09,0.008,1.72666605067e-05,0.0586943178825,0
0.0841158909044,0.1,0.000559840875212,0.0468769963468,0
3.90260569799e-05,0.076,0.000253315229202,0.0705321640411,0
0.926000041595,0.087,0.00804796721786,0.124758814552,0
0.0367611537862,0.045,0.00124644860625,0.0701114239353,0
0.963049847178,0.128,0.136353224516,0.36525551059,0
0.000322429683916,0.039,3.60041922249e-05,0.0508977576394,0
0.0700728348991,0.108,0.000884337059688,0.131676636262,0
4.63558632081e-09,0.003,6.76952186041e-06,0.0571997662641,0
0.00553091197239,0.061,1.51649583131e-05,0.0458026879273,0
4.90037041915e-06,0.006,2.02255778277e-05,0.0294747504066,0
8.48170449593e-05,0.077,8.42195731821e-05,0.0449068798367,0
8.72242648188e-08,0.044,2.01796101464e-05,0.0700552719519,0
0.0044254563664,0.004,1.76157243459e-06,0.0229440295379,0
0.0112080848373,0.017,7.28820123186e-06,0.0342190897704,0
0.453509479402,0.082,0.000233885264606,0.0417360052742,0
0.360490857578,0.14,0.0213919635862,0.355605141651,0
0.965330094064,0.102,0.0131768155843,0.0996473857297,0
0.0695425448365,0.14,0.413420677185,0.125793668467,0
7.20666312785e-15,0.002,3.14031552762e-07,0.0304199707338,0
3.76714013915e-13,0.001,3.1037966437e-06,0.0272794749443,0
0.964087046433,0.163,0.150360658765,0.655044199154,0
0.997638212368,0.464,0.263239592314,0.334334939534,1
0.00484855989403,0.091,0.0005917106173,0.078493582845,0
3.41431520844e-11,0.001,2.1331298683e-07,0.0268399079044,0
0.557671613733,0.07,5.48771313333e-05,0.347040756929,0
0.0213030380054,0.158,0.00363478134386,0.19172768674,0
0.00563626615493,0.092,0.00518565485254,0.0737732559263,0
0.677968376231,0.055,0.000958699034527,0.0497957028017,0
4.31801677178e-08,0.011,1.0311193364e-05,0.0424896387901,0
0.996320895243,0.143,0.120696634054,0.121388593514,0
5.08696318592e-07,0.017,2.46108044166e-07,0.061805755362,0
0.330641211985,0.087,0.0168257262558,0.0746944204841,0
0.017828866455,0.033,0.000131858279929,0.0297953607879,0
0.970412194563,0.117,0.0126430802047,0.0257254017492,0
1.44435471266e-14,0.002,8.83020661036e-08,0.0346274523351,0
0.0479618718851,0.049,0.000302827858832,0.0744045318137,0
2.95439582132e-11,0.124,0.00588647415861,0.0783904293088,0
0.0316817838392,0.044,1.23452718981e-05,0.0253779911142,0
8.48331402893e-06,0.04,0.000232739868807,0.0699238661376,0
0.992339354176,0.384,0.936888039112,0.155989479161,0
0.112806565824,0.195,0.214739441872,0.605577425982,0
0.0155774857427,0.066,0.00993826705962,0.0775045796364,0
0.000428883040404,0.007,1.90511889286e-06,0.0334723911188,0
0.149777947498,0.067,0.0001014271038,0.00958512784477,0
1.99021765993e-07,0.001,1.69089366864e-06,0.0469005853182,0
0.0332143131687,0.048,1.47922655742e-05,0.053046514812,0
1.93472702198e-05,0.046,6.20625069132e-05,0.020376983787,0
0.000415505515372,0.035,1.98813768293e-06,0.0150294846004,0
0.0459460459167,0.076,0.000142212680657,0.0157577258039,0
0.000557254412776,0.028,1.40803456361e-06,0.0481084087773,0
0.873325597157,0.141,0.0058656167239,0.240595067577,0
0.328147338614,0.117,0.000274500984233,0.0709280980063,0
0.00212776009549,0.054,0.000109937136585,0.0784935889717,0
0.480825929527,0.272,0.367312639952,0.321340424008,0
0.00813606411871,0.048,0.000298984872643,0.0334595719721,0
1.36566711512e-06,0.001,9.63311435953e-07,0.0466623273478,0
0.0769540113211,0.039,7.09777668817e-05,0.0706564031441,0
0.0229844013452,0.071,0.000200069160201,0.0849557080086,0
0.0193703051,0.079,0.000113133792183,0.0227664285194,0
0.067698717442,0.062,8.77444763319e-05,0.0434533689455,0
0.999824351715,0.352,0.886337280273,0.779744729459,1
0.154494304297,0.044,0.000303224514937,0.0197043170718,0
0.947280170757,0.168,0.011662828736,0.167175301672,0
0.194758852418,0.117,0.000947299937252,0.150684783813,0
2.8525288691e-14,0.002,9.84897269518e-07,0.0512977137288,0
0.490448112865,0.276,0.155913934112,0.681279109921,1
0.0027602930696,0.019,0.000128289364511,0.0377946080354,0
0.918175561381,0.066,2.26227857638e-05,0.0298585185623,0
1.17861093417e-05,0.049,3.73261937057e-05,0.0611038735053,0
1.38537112567e-06,0.024,5.52458186576e-06,0.0548575330452,0
0.0370726028153,0.093,0.0553062036633,0.0644294783479,0
0.00707330197466,0.031,0.000152469001478,0.0129530220284,0
0.000982174313828,0.084,0.0502884723246,0.0669011632559,0
0.398254183348,0.306,0.0358209311962,0.469052336534,0
2.03440728715e-05,0.026,9.01687656096e-07,0.0238320072481,0
1.63109569547e-18,0.032,2.51125602517e-05,0.0784935889715,0
0.051031390588,0.003,2.73800537798e-06,0.0364025505426,0
0.0242246311165,0.077,0.00792863499373,0.0611312249552,0
0.000687894521363,0.065,0.0011732588755,0.0477868976269,0
0.0020928627413,0.058,0.00204889127053,0.0606971663979,0
0.0656366989515,0.032,2.91567539534e-05,0.0154973374502,0
0.0459345654206,0.256,0.042216680944,0.407721893791,0
0.788157079877,0.084,6.90125671099e-05,0.0751668808591,0
0.439319312271,0.261,0.868148326874,0.214079094407,1
0.00686234075383,0.037,5.11529615324e-05,0.0522237975268,0
0.851801084452,0.093,0.0317839831114,0.0627694089514,0
0.0434422200007,0.085,0.000874971097801,0.074909734601,0
0.900929819656,0.069,0.00311839370988,0.376434851095,0
0.0143004865475,0.098,0.000144438934512,0.0455761973288,0
0.00341747383153,0.105,0.000428716739407,0.072981084289,0
0.0961859985287,0.103,0.042927980423,0.114716209976,0
0.00945646182396,0.019,4.71065686725e-06,0.0539260017038,0
2.22043573944e-05,0.002,3.37871625788e-07,0.0340050592043,0
0.267279896668,0.313,0.152529269457,0.559118715967,0
0.00288952140865,0.046,5.13047452841e-05,0.0450803534267,0
0.000164875093899,0.003,3.61581237485e-06,0.0218838557173,0
0.950407608754,0.115,0.00391248706728,0.464766426087,0
0.0100550865601,0.049,8.9839915745e-05,0.0249639748257,0
4.26202232144e-10,0.007,7.72030716689e-07,0.0543620839294,0
0.0022942731227,0.052,5.09733727085e-05,0.198301669855,0
0.363234515761,0.186,0.0063116219826,0.123068949039,0
0.00835487154744,0.086,8.95380871953e-05,0.0487319654578,0
1.60705356212e-12,0.008,5.46556748304e-07,0.063785642847,0
0.598005610003,0.041,5.78586259508e-05,0.0826064352911,0
2.41827135962e-06,0.012,2.89774311568e-06,0.0156684878242,0
0.999913475228,0.371,0.716776430607,0.0785504990852,1
2.21077657998e-05,0.03,1.66857244039e-05,0.0467513084296,0
0.124973361249,0.121,0.0071467300877,0.258210663749,0
0.722476387034,0.487,0.958749473095,0.536680356403,1
2.13540312097e-05,0.036,3.33220305038e-05,0.0423605723191,0
0.9734136107,0.142,0.00969023350626,0.176536435201,0
7.12144426738e-05,0.011,2.88973728857e-06,0.0482661876579,0
0.259459910277,0.141,0.0384728349745,0.0915904591844,0
0.111336692644,0.205,0.121682986617,0.318709540117,0
5.69978768313e-06,0.087,0.000518639513757,0.0811567907514,0
0.00201454961362,0.079,0.00333896279335,0.146955803438,0
0.970295285841,0.109,0.034132424742,0.218697803581,0
0.408313657613,0.068,0.000477235473227,0.0861741439445,1
0.982234541293,0.023,0.00035424871021,0.0608835576436,0
2.98309001365e-05,0.025,3.34588912665e-06,0.0518627253601,0
0.00129890443397,0.046,8.37299285195e-06,0.0349951298627,0
1.44060433002e-07,0.023,3.58060196959e-06,0.0543645207334,0
5.32545382696e-12,0.009,2.19489265874e-05,0.0767093794937,0
0.00028261500181,0.037,0.000580071238801,0.0647044807978,0
0.294459146225,0.081,0.00247515551746,0.0980420856658,1
0.17648075361,0.196,0.00090031453874,0.101044987402,0
1.64219203294e-09,0.038,0.000816195039079,0.0621324258491,0
0.3405398757,0.073,0.000589302042499,0.0292912016285,0
9.70106963535e-05,0.011,0.000145441896166,0.0479789555082,0
4.01223568313e-05,0.047,9.30943679123e-06,0.0121453635834,0
1.22550870316e-08,0.091,0.000441452139057,0.0715598724784,0
0.0886031700419,0.083,0.000259294931311,0.0323036181989,0
0.0394726310752,0.031,6.54468531138e-05,0.0293786798577,0
0.000270879154198,0.11,0.000178873873665,0.114270850503,0
1.82901488333e-10,0.028,2.46569265983e-06,0.0615101090089,0
2.48528472799e-05,0.058,0.000750767416321,0.0617148911803,0
0.504472907041,0.121,0.00297687877901,0.106972202674,1
3.79727140832e-07,0.034,1.19699916468e-06,0.0518814541529,0
0.920015823453,0.202,0.24815505743,0.09410236182,0
0.876398491746,0.052,0.000184306991287,0.075772110744,0
4.665264888e-05,0.035,1.41547729982e-06,0.0367580167109,0
0.529539427538,0.43,0.99413138628,0.109537639463,1
0.713410135952,0.022,0.00106387003325,0.0552185356688,0
3.43983168083e-05,0.046,1.51371141328e-05,0.0663792822345,0
0.00284223256333,0.01,9.7771116998e-06,0.0240756087662,0
0.000128695342502,0.023,0.000124016340123,0.0168379239863,0
0.177396292152,0.092,2.81216725853e-05,0.118362847762,0
9.63756896017e-05,0.0,4.29154679296e-05,0.0298190848119,0
5.35620609001e-07,0.026,1.21052598843e-05,0.0449260697129,0
0.0828898442221,0.048,6.65745665174e-06,0.0559928956704,0
5.98319156524e-12,0.004,2.77114668279e-06,0.0593292417599,0
0.000487815417415,0.067,4.88174955535e-05,0.0830273820088,0
0.729646036619,0.386,0.986215949059,0.122342205369,1
0.00114882014372,0.006,2.6410782084e-05,0.0377594313603,0
1.68008333628e-06,0.052,0.000409079162637,0.0524531349753,0
0.00388924230391,0.067,0.001304764417,0.0602213476077,0
0.616871915775,0.1,0.000678439682815,0.19542432999,0
0.408443046106,0.169,0.0801010578871,0.110266158355,0
1.69090840363e-05,0.078,0.00014426659618,0.0783288989648,0
0.0163438252697,0.075,3.25010187225e-05,0.0783682933414,0
2.63523751254e-06,0.058,5.00257519889e-05,0.0805665372622,0
6.37567439566e-17,0.0,1.43411682529e-06,0.0436271677076,0
5.85809057118e-05,0.032,0.000194390260731,0.042231457601,0
0.0110441202636,0.038,5.49274955119e-05,0.0253085415606,0
7.82559858311e-07,0.028,2.52061886385e-06,0.0779203213136,0
0.954963947454,0.077,0.0095323305577,0.225982289207,0
0.811265571026,0.046,0.00196974212304,0.0614572578034,0
0.000183659734327,0.035,1.46409738591e-05,0.0466486661777,0
0.422780990263,0.101,0.000687505467795,0.121896321119,0
0.000941179853811,0.042,6.17293771938e-05,0.0535977442314,0
0.00311607474847,0.07,8.35704340716e-05,0.0784935889107,0
1.17756031862e-05,0.033,1.16543549211e-06,0.0784935889702,0
0.0179642010057,0.03,4.08126870752e-05,0.0626796830401,0
0.985457049448,0.129,0.0440986119211,0.215898887509,0
0.0407935869965,0.192,0.00893707666546,0.44513905449,0
8.18424925948e-05,0.038,0.000170048238942,0.0757243599104,0
0.0250823577169,0.035,0.00117594643962,0.0667861552537,0
0.0250906393363,0.042,0.000263129652012,0.0639737676414,0
0.397663851112,0.068,0.000953611684963,0.0545300522302,0
1.95387370953e-09,0.017,3.73327457055e-05,0.0772767972578,0
0.0604098284307,0.196,0.0284115467221,0.235078823347,0
0.0103418321183,0.064,0.000402697478421,0.0739486349631,0
0.0139690632267,0.175,0.254221916199,0.315461985637,0
0.807049819584,0.384,0.895731329918,0.703230673282,1
0.999934718109,0.356,0.738435983658,0.131741010332,1
0.01469520788,0.177,0.0394675694406,0.377192193034,0
0.0475334035003,0.064,0.000243100483203,0.0618229988006,0
0.780740597884,0.356,0.0105554582551,0.0926425335506,1
0.352596025358,0.112,0.0143246566877,0.0844645558183,0
1.93212261951e-05,0.026,4.75128581456e-06,0.046190327921,0
0.00492740951384,0.027,0.00014891315368,0.0607295718995,0
0.882332462522,0.14,0.00723521178588,0.263620281803,0
1.0239971504e-05,0.053,1.65109886439e-05,0.0637040699359,0
2.964870297e-13,0.003,3.44649919271e-07,0.077675649944,0
0.48512692421,0.148,0.00213864888065,0.0533574149562,0
0.450562873548,0.055,0.000144880614243,0.0218809549639,0
0.0207365002065,0.071,0.00589538179338,0.0623044841988,0
0.547427911505,0.379,0.367940247059,0.480151176477,0
0.000160824033868,0.001,5.09456504005e-06,0.0208117200419,0
0.520927335539,0.175,0.00713813398033,0.0774004537395,0
6.10047793514e-06,0.039,8.92523457878e-05,0.0311220550259,0
0.050377940049,0.132,0.00839421898127,0.134686522421,0
0.00382668131332,0.048,9.70780893113e-05,0.00841302340678,0
0.249811743053,0.075,0.000306170404656,0.035852704328,0
0.998355423345,0.098,0.00394315877929,0.253002470341,0
0.664976329344,0.118,0.0027038983535,0.421045802002,0
2.75251147154e-06,0.038,1.16713499665e-06,0.0677247595035,0
0.12178806883,0.057,0.000254746875726,0.0462313629714,0
0.00715930985968,0.138,0.0335886925459,0.204218143545,1
2.58520453682e-08,0.04,0.00103967450559,0.0765274813121,0
0.605000627401,0.149,0.128727242351,0.29540114973,1
0.00016462226704,0.033,0.000240914669121,0.0515757395304,0
0.740729996355,0.084,0.00860560405999,0.061590663382,0
0.00231841433005,0.004,1.36843095788e-06,0.0242978721427,0
6.68325311743e-08,0.027,0.000132509419927,0.064232384728,0
0.00142943926054,0.072,8.52656376082e-05,0.0417361454563,0
0.00089682421032,0.056,9.31521499297e-05,0.0171113962266,0
0.136165811803,0.152,0.00352331274189,0.109752333641,0
2.11191756822e-07,0.048,2.17743627218e-06,0.0784255519889,0
0.75551822917,0.038,8.67200797074e-05,0.0466668615991,0
0.810202413942,0.081,0.00986989215016,0.0784941218287,0
0.0324539399241,0.077,0.000252122059464,0.0617699895389,0
0.0376094201163,0.025,0.00019282870926,0.0458401162409,0
0.00294148228117,0.014,2.46863182838e-05,0.0440330862921,0
0.18548983658,0.241,0.132051065564,0.21230383775,0
0.0245237379279,0.053,0.000253387464909,0.0638265660572,0
0.957242881137,0.118,0.0347733423114,0.106120623393,0
4.50367823543e-20,0.0,9.54771735451e-07,0.0492684789235,0
0.000505091562727,0.062,5.98630867898e-05,0.0516095886767,0
2.46145568375e-05,0.086,9.38318498811e-06,0.0664341307902,0
0.00450831366463,0.029,3.25393898493e-06,0.0103140068965,0
0.0283906027162,0.118,0.00240175961517,0.132525535405,0
0.0126915091552,0.107,0.00247755367309,0.0428070923295,0
0.000176053638339,0.053,0.000114524758828,0.0782636640733,0
0.000178553064823,0.058,0.000205151402042,0.0444377790591,0
0.00274091284228,0.206,0.0350519046187,0.0765854611023,0
0.0309541932512,0.051,8.52919110912e-05,0.0267585213031,0
3.03275477386e-05,0.027,3.80179953936e-05,0.0238036511963,0
0.000150255755881,0.025,7.79788570071e-06,0.0321459541492,0
0.785121360328,0.082,0.000441875221441,0.0960105845261,0
0.0667918943485,0.079,2.92094355245e-05,0.0285404556696,0
0.91612590854,0.387,0.670834124088,0.172218590753,1
0.000144249666594,0.021,1.00234001366e-06,0.0152983950839,0
0.514178089854,0.063,0.000102429476101,0.0882927751082,0
7.61628140485e-05,0.051,7.52320629545e-05,0.0770632630478,0
0.00497200846712,0.063,8.86802881723e-05,0.0211172858761,0
0.00103770644641,0.052,0.000245845090831,0.0822186813447,0
0.0262224293787,0.041,6.70825829729e-05,0.0650078279963,0
5.89089430154e-06,0.065,0.000278197228909,0.0698267437905,0
1.34243811899e-06,0.017,1.37329243444e-05,0.0165391547323,0
0.300135588929,0.021,0.000135429712827,0.0597227398773,0
0.19717726673,0.111,0.0438388213515,0.052590237605,0
6.4840271614e-05,0.032,2.76156079053e-05,0.0597127285891,0
4.40102340252e-05,0.039,0.000820885878056,0.0646472232956,0
0.00945804009872,0.036,0.00762844411656,0.0671000041579,0
0.989101411238,0.048,0.000378016120521,0.0763576025061,1
9.31586119879e-07,0.05,0.000750381557737,0.049265715248,0
0.0684076845606,0.051,0.000100447658042,0.0451079871917,0
0.00519725324775,0.034,9.63653656072e-06,0.0389006669389,0
3.46850408084e-05,0.102,0.000341586535797,0.0859688883378,0
2.58812213081e-05,0.011,1.15216835184e-05,0.0100391375605,0
0.00284168578937,0.088,0.0170918945223,0.0838517697108,0
3.09801356149e-08,0.061,0.020662471652,0.0783830626828,0
0.000931257217048,0.002,1.11164865757e-06,0.0435316081805,0
0.015854815733,0.085,0.0058368910104,0.0851821383757,0
0.00750265608986,0.168,0.000357575714588,0.104132616221,0
0.995145731639,0.277,0.560650289059,0.952162474843,1
0.0305841649328,0.09,0.000170759260072,0.123647610239,0
0.000669113112983,0.041,0.000156813752255,0.0746106727645,0
0.569797385255,0.115,0.00480607710779,0.0456039425355,0
0.568134135151,0.225,0.231723561883,0.102286997761,1
0.0162647520597,0.07,0.000819608743768,0.0707373462681,0
0.101090672394,0.039,0.000116801566037,0.0270724368951,0
0.0531223543246,0.14,0.0294631645083,0.0572987310827,0
0.576289057291,0.196,0.0122723625973,0.174129856543,0
0.0281892306923,0.047,5.4008251027e-05,0.0558822069648,0
0.000158782311278,0.103,0.00417510280386,0.0567765808886,0
0.185172190407,0.072,0.000141765485751,0.0974660581885,0
0.107890003775,0.072,0.00200774054974,0.119196174703,0
0.81892233899,0.152,0.00700126495212,0.246493634257,0
0.0503233506073,0.111,0.000353962590452,0.0966299155725,0
0.116894397935,0.056,0.00105648557656,0.0296340722872,0
6.03562409399e-07,0.023,0.000238691631239,0.0666963990532,0
0.026238338797,0.037,8.72227465152e-05,0.0120324632742,0
0.000120787078053,0.09,0.00249643204734,0.0969626836636,0
0.0259777316854,0.032,8.33040667203e-06,0.0175922544475,0
0.309822500414,0.086,0.000166099911439,0.143484115718,0
5.63363098122e-10,0.015,2.47899060923e-06,0.0637809131842,0
0.138985898731,0.257,0.0140105541795,0.0988876318459,0
0.378131309059,0.087,0.00336194084957,0.0615422764887,0
0.000101403848311,0.01,2.04989260055e-06,0.0673645162524,0
8.82216380369e-16,0.001,3.01215663967e-07,0.0506316410494,0
0.234123774595,0.13,0.0122667336836,0.14486902212,0
0.00242330391324,0.059,9.9592261904e-07,0.00497559052221,0
0.934227139941,0.264,0.510545790195,0.140776883817,1
0.000196782768476,0.011,2.73022960755e-05,0.0627794585666,0
0.092545691136,0.105,0.00143274874426,0.0419897451318,0
0.245290204532,0.113,0.00090284954058,0.0679212656587,0
0.000996851373827,0.045,0.000326856184984,0.0448200934759,0
0.0017068168648,0.005,4.48339960712e-06,0.0381614383615,0
9.3466737727e-06,0.011,7.20193156667e-06,0.0606615429543,0
0.0601819408366,0.14,0.0462085418403,0.132841476983,0
0.00819856769538,0.007,9.37669369705e-07,0.0673856517338,0
0.0350317075729,0.051,0.00183712143917,0.063634772725,0
1.46976537578e-06,0.058,9.0793480922e-05,0.0729905886014,0
0.893020932765,0.412,0.93716019392,0.276579319119,1
0.683282489759,0.09,0.000126412967802,0.0241855420451,0
1.98784401223e-10,0.017,1.08737708615e-06,0.0654486328156,0
0.995091991837,0.266,0.526612102985,0.965027847624,1
5.25510563695e-08,0.021,1.07189443952e-05,0.0767766805998,0
0.0591675999373,0.076,0.00781689863652,0.0269828402834,0
0.000215589709369,0.076,0.00218222429976,0.0784345972751,0
0.000200598859115,0.004,3.06844981424e-06,0.0293825041312,0
0.928650474033,0.085,0.0164125822484,0.0598853242406,0
6.19266735685e-05,0.035,2.97706446872e-05,0.0761453789864,0
0.00101346154457,0.041,0.000115462520625,0.0191362011101,0
0.999991910637,0.125,0.0756596028805,0.0784935889717,0
0.877947104507,0.106,0.000971682544332,0.0620116810564,0
0.086521702779,0.1,0.00183085736353,0.0997783364904,0
1.02973926251e-07,0.003,1.32331806526e-05,0.0105853609152,0
0.642760904408,0.038,0.000928778608795,0.0748163119586,0
3.31548153156e-05,0.03,1.03024349301e-05,0.0753588080911,0
0.978663356992,0.426,0.95900195837,0.338141325146,1
0.000655265108013,0.01,1.16430637718e-05,0.0660099915567,0
0.153196905442,0.076,0.00540285231546,0.100896790836,0
4.64706663797e-08,0.029,2.26036136155e-05,0.0514578311935,0
0.882226069934,0.23,0.166353315115,0.431522179316,0
0.106528880343,0.109,0.0489088147879,0.0603089772358,0
0.0100250520871,0.058,0.000145625774167,0.0768648394632,0
1.154222749e-10,0.001,1.23374329632e-05,0.0502460432664,0
0.000229090837398,0.024,1.01583073047e-05,0.00833633602094,0
0.00185645814062,0.017,5.70206320845e-05,0.0428345606579,0
0.00878911272631,0.004,2.49416261795e-05,0.0243153542144,0
0.303160575593,0.042,0.000349384121364,0.0631896601587,0
9.63249458847e-07,0.004,1.72449545062e-05,0.0412259254435,0
0.311041330774,0.194,0.00160376483109,0.235092164589,0
0.610535354258,0.089,4.58943177364e-05,0.17492201957,0
2.02041938121e-05,0.054,2.51766068686e-05,0.0398193046985,0
0.955655546644,0.165,0.0334518998861,0.83807866018,1
0.0100262397238,0.048,0.000842635461595,0.0232177730945,0
2.17451579102e-11,0.001,3.51084804606e-06,0.0398682751813,0
0.0144672467407,0.059,7.50756153138e-05,0.0497201672007,0
1.03898085525e-05,0.011,3.60335252481e-05,0.0552697295765,0
0.00101720107674,0.109,0.00859122630209,0.22403512423,0
0.246806760212,0.149,0.0097024505958,0.061223586724,0
0.852380103614,0.08,0.00296093919314,0.0507396069078,0
0.00420033596114,0.04,0.000153149303515,0.0279952458763,0
0.0172985026885,0.266,0.14184884727,0.176202827376,0
0.0290092093915,0.072,0.00538831530139,0.0738711511094,0
0.0128756750356,0.059,0.00784075073898,0.209329697531,0
0.0912667455171,0.233,0.034699741751,0.149907117694,0
0.00713850380304,0.286,0.37500667572,0.859367955026,0
0.050577025164,0.032,1.6532763766e-05,0.0106545097737,0
1.17585040575e-05,0.035,7.86950749898e-06,0.0465133713901,0
0.878133913631,0.066,0.0223618056625,0.0641910224196,0
0.00503121340423,0.226,0.0116135682911,0.101584925298,1
0.0783271081748,0.114,0.000870705000125,0.024735312558,0
0.00280371985711,0.119,0.00299814622849,0.0506321886136,0
1.0,0.179,0.000757627887651,0.0784935889717,1
0.355918745565,0.199,0.171248391271,0.108625242589,1
0.0285942696004,0.055,0.000868402828928,0.0591791988225,0
0.00850461470675,0.02,0.000125158607261,0.0210914241482,0
7.44006012722e-08,0.004,6.99212523614e-06,0.0606266227366,0
0.000723740623655,0.042,1.2375494407e-05,0.0513168550285,0
2.30938161108e-06,0.002,3.54536882696e-06,0.0619043246721,0
1.10823721767e-06,0.01,0.000107659870991,0.0288290040359,0
4.18644870766e-14,0.005,1.11477720566e-06,0.0681083597384,0
0.0203670714739,0.034,0.000469549762784,0.0489341376886,0
0.00882439949863,0.07,0.000431055843364,0.071934703323,0
4.48474810366e-14,0.002,7.55048404244e-07,0.0593519556612,0
0.000106302210139,0.006,0.000128085113829,0.013735246164,0
0.0703087690262,0.055,5.2379185945e-05,0.0274477163011,0
9.38103286822e-06,0.086,0.00184524490032,0.0925013740624,0
0.896839561197,0.064,0.00088266399689,0.101555142059,0
0.000419759433469,0.067,1.69127833942e-05,0.0663438766381,1
0.000153662756963,0.045,2.78860989056e-05,0.058543396442,0
0.906719031581,0.099,0.0166332423687,0.234010063844,0
1.91733694257e-08,0.028,2.95358186122e-05,0.0784044217338,0
0.0312519726515,0.069,0.00110297615174,0.0784935890049,0
4.55923762652e-07,0.016,2.37745979348e-07,0.0784877679834,0
0.0569416806007,0.146,0.023185281083,0.0667032003601,0
0.00372658319458,0.033,1.35935551953e-05,0.0211322237629,0
0.723177162698,0.063,0.0162311643362,0.0666118113335,0
0.567744674483,0.108,0.00131730712019,0.246357563626,1
0.00276905293563,0.1,5.46964147361e-05,0.095398050232,0
0.0047176109832,0.043,3.12937227136e-05,0.0284757454366,0
0.981097773365,0.199,0.203910753131,0.127874499598,1
0.409909674721,0.071,0.000135156224133,0.0784935874929,0
0.145093729645,0.059,1.48587305375e-05,0.230174263557,0
0.0125278315996,0.024,4.0121616621e-05,0.0267656224391,0
0.000151634304411,0.041,0.000246318784775,0.0758614163879,0
0.999945949313,0.623,0.998070895672,0.80761965452,1
0.118273491227,0.047,7.54414868425e-05,0.0983325886365,0
0.763341691417,0.302,0.989220440388,0.219445498691,1
9.12921232471e-10,0.001,4.31598635942e-07,0.0333491681144,0
0.000451789299045,0.056,0.0042758891359,0.0643229825009,0
0.915243315188,0.067,0.00952996313572,0.0927590886672,0
0.00690881998285,0.142,0.000421661272412,0.0746608009666,0
8.99372559377e-06,0.034,9.78244679573e-06,0.0411752303699,0
0.0146144047426,0.122,0.0106386793777,0.0533105276781,0
3.95047242477e-05,0.033,0.000432701373938,0.0321583776548,0
0.0878158763754,0.019,0.000120220021927,0.0304966445485,0
3.43309115186e-07,0.026,4.78195324831e-05,0.0596761418464,0
0.00549184573417,0.05,0.000848216877785,0.0522313365072,0
0.0825429144695,0.107,0.00531619042158,0.0802237394641,0
0.00031290864833,0.009,5.67967217648e-05,0.0616678245193,0
0.0583475309648,0.182,0.0176881402731,0.0471841011536,0
0.0797504453685,0.099,0.0143500352278,0.138178311868,0
0.842144673967,0.16,0.024833349511,0.219482535432,0
0.637563279622,0.134,0.0205056909472,0.0664251186506,0
2.583023233e-10,0.001,6.73733848089e-06,0.0468997216776,0
2.99887469078e-05,0.017,0.000256332976278,0.0258645757387,0
7.05107713281e-06,0.021,1.04525142888e-05,0.0436608410937,0
2.71683961493e-09,0.005,5.22278185144e-07,0.0357204561394,0
0.000109941476849,0.008,2.00595750357e-05,0.0319822585048,0
2.55297614684e-06,0.043,0.00015893978707,0.0784935889717,0
0.996611488107,0.071,0.0762744322419,0.138706998092,0
0.000418904894428,0.05,4.71523308079e-05,0.020401103798,0
5.41761773226e-06,0.022,5.20225921719e-06,0.0400424064373,0
0.956763222777,0.245,0.0677749067545,0.229828332557,1
3.43905734485e-07,0.028,9.69695684034e-05,0.0587996020787,0
0.0140014531625,0.052,3.89864044337e-06,0.0119279402022,0
0.00532242790978,0.064,6.74807597534e-05,0.058577986493,0
0.0171661589792,0.043,0.00045785002294,0.0148671035769,0
0.000907289000274,0.082,7.18887749827e-05,0.140152977305,0
3.74164534379e-05,0.056,1.98606976483e-05,0.0672432433656,0
3.4202424958e-06,0.048,2.48079304583e-05,0.0601060494054,0
0.922590560035,0.164,0.125643029809,0.0784935889717,0
0.322142950156,0.019,0.00383588392287,0.0255868443106,0
2.70939598866e-06,0.037,0.000108633059426,0.0314127205902,0
0.113399960912,0.069,0.0019151433371,0.0917229621405,0
4.74186883104e-09,0.051,2.86489430437e-05,0.0504111969038,0
0.0548077788873,0.006,4.26071301263e-06,0.0288659950329,0
0.0214233737036,0.01,2.7328813303e-05,0.0467258690343,0
0.00242283982911,0.046,0.000150919426233,0.0171857985741,0
2.09638431428e-09,0.023,0.000974107882939,0.0438921242387,0
0.525860763193,0.03,8.55563266668e-05,0.0218934005857,0
0.118208477264,0.099,0.00123059854377,0.0427250280768,0
0.000124009422368,0.019,4.18428498961e-05,0.0778212895458,0
0.294110997061,0.098,0.254222214222,0.099516366134,0
7.65932091054e-06,0.008,2.6040938792e-06,0.0524209554147,0
0.928953308667,0.202,0.0278817843646,0.91792808878,0
0.122156219634,0.095,0.0352835506201,0.129399056945,0
0.0446005524616,0.277,0.671823501587,0.450156299275,0
0.192869519832,0.081,0.00235922634602,0.156217692841,0
0.559479219772,0.05,0.00154840643518,0.116333794197,0
0.886931781779,0.186,0.852568507195,0.875482757308,0
0.096501359835,0.061,3.50959417119e-05,0.0446151758184,0
0.942449101829,0.116,0.010246232152,0.0675291951396,0
0.00642948571604,0.049,5.34302989763e-06,0.0477811990407,0
0.0302039692432,0.09,0.0326594002545,0.0730048537895,0
0.178229515289,0.265,0.451292157173,0.428219099384,0
0.842987946113,0.137,0.10285076499,0.478554971445,1
0.0150977808926,0.039,0.000430942251114,0.0132202917252,0
0.135769216444,0.014,0.00573402922601,0.0346711606254,0
0.000117042886962,0.097,0.000532334321178,0.0730040408684,0
0.665942771958,0.05,0.0107285957783,0.13697868436,0
3.72031959658e-05,0.023,2.11736255551e-06,0.0610944442668,0
0.515536476006,0.064,0.000421559816459,0.0312862338196,0
0.000243260594191,0.04,4.70968734589e-05,0.019131904166,0
0.000827435918728,0.124,0.000819143722765,0.0784944003565,0
0.23371947254,0.069,0.000596742960624,0.0667773947372,0
0.522541008111,0.155,0.0399551615119,0.298311450885,0
0.0667315118577,0.024,2.01444618142e-05,0.0196591628999,0
1.1460856949e-09,0.029,2.23810311581e-05,0.0724611003574,0
9.49926738557e-12,0.001,5.39608572581e-06,0.025431665759,0
0.00190777572877,0.314,0.0378004871309,0.169102805963,0
0.000374124956406,0.009,4.17670671595e-05,0.0553691619091,0
0.532862416033,0.127,0.0472689643502,0.069849147902,0
0.186536874262,0.011,8.72401360539e-05,0.051553177181,0
0.942973926946,0.231,0.0568287856877,0.223284965311,0
0.00119466401119,0.131,0.000190808437765,0.0594906285318,0
0.0225586391794,0.069,0.00153326522559,0.0216773009094,1
0.0280535611464,0.342,0.474788308144,0.0824340229542,0
2.0339956925e-07,0.13,0.00111718219705,0.0825233892908,0
0.000527612594216,0.056,4.2831448809e-05,0.051836364175,0
8.63623233517e-05,0.018,5.34436003363e-06,0.0514506228602,0
1.65890852324e-10,0.008,3.42639141309e-05,0.0702339861177,0
0.120981762212,0.071,0.000254653656157,0.157311556869,0
0.00147606514476,0.101,0.0019410981331,0.0615958324852,0
0.00107526966921,0.004,2.53813996096e-05,0.022763908601,0
3.15813224385e-13,0.0,6.96349161444e-07,0.0360169067642,0
5.30959133561e-05,0.004,2.25427720579e-06,0.0349137738018,0
0.929571119732,0.05,0.000995607930236,0.0796003812934,0
2.88413122048e-07,0.017,7.08461948307e-06,0.0511075309479,0
4.29821959013e-05,0.118,0.00184107432142,0.0765020363149,0
1.79643215743e-05,0.0,6.50122865409e-06,0.0178017219336,0
0.00665592640985,0.015,5.90357467445e-06,0.0516463968006,0
0.961762077217,0.111,0.00226343562827,0.17239541349,0
0.00286354690385,0.04,2.74171488854e-05,0.0435498595475,0
1.97566461697e-05,0.03,2.46849936048e-06,0.0146230661178,0
0.987215947509,0.055,0.00148109474685,0.0609436407406,0
0.000637393016486,0.064,0.0004637351376,0.0616361450657,0
0.0510428052427,0.137,0.00443237647414,0.143697620416,0
4.81948205587e-06,0.005,3.15169427267e-06,0.00999552764211,0
1.10562522196e-07,0.03,2.45491065698e-07,0.0257882911979,0
3.22063164931e-07,0.008,6.00501198278e-06,0.0338434763908,0
0.367725695,0.215,0.12430036813,0.0818854468462,0
0.644185853626,0.143,0.0139993010089,0.526759559459,0
0.991946762768,0.064,0.000236992680584,0.0422519486169,0
0.558839310187,0.138,0.0154806151986,0.183403288192,0
0.285310972149,0.054,0.000116353454359,0.11854095808,0
6.59383005431e-08,0.032,8.90915828222e-07,0.047870797792,0
0.696759029096,0.053,0.000501123373397,0.118729271227,0
0.000485293213106,0.004,1.97476722974e-07,0.0174672618625,0
0.617973668979,0.143,0.00308840721846,0.0507725394399,0
3.35542058527e-06,0.007,8.06988191471e-06,0.0445778017523,0
8.94279642288e-08,0.004,2.55014856521e-06,0.0526560507779,0
5.43694934061e-05,0.037,4.55396111647e-05,0.0598479695184,0
8.4347182407e-05,0.024,9.72461639321e-05,0.0327424203144,0
0.013389191569,0.064,1.81422019523e-05,0.0522487868171,0
0.00172118819445,0.162,0.01015320234,0.0792098750907,0
0.999974716407,0.338,0.946039617062,0.165584564909,1
0.98017301838,0.128,0.0807656049728,0.5,1
0.358978813827,0.185,0.0220299214125,0.104043274042,1
0.534179432177,0.218,0.388716101646,0.209260292721,0
0.0117361480513,0.138,0.00544574577361,0.476098409223,0
0.00997704804495,0.049,2.73452133115e-05,0.0590057799863,0
0.00550057106183,0.04,4.66023484478e-05,0.0215897686982,0
0.538199479237,0.069,0.000124734811834,0.0809109535623,0
0.997471918974,0.222,0.858819067478,0.102378107161,1
0.00137444288537,0.031,3.24580605593e-06,0.0052424684929,0
0.176736468878,0.026,8.06379248388e-05,0.118753199547,0
0.00456653345386,0.085,6.07077636232e-05,0.0234134321822,0
0.013275747432,0.121,0.000580058549531,0.067172149369,0
0.577352050576,0.118,0.000446236226708,0.0307883783968,0
0.150500303918,0.049,0.00377768301405,0.0865792943334,0
0.00134437746077,0.077,0.00229815230705,0.0312410962226,0
8.10452781039e-05,0.017,1.26225427266e-06,0.0358431182903,0
0.00225395646386,0.059,0.00058553769486,0.0618927433368,0
0.000229543077549,0.061,0.000188892357983,0.0338671301989,0
0.00101022837712,0.032,3.30139846483e-05,0.0365649567402,0
0.618854401136,0.124,0.258481711149,0.351285847634,0
0.0394554920121,0.065,0.000245502160396,0.058994534436,0
0.305183124119,0.209,0.299965322018,0.162716227093,0
0.61122155741,0.149,0.0372852645814,0.210486214156,1
0.592534862304,0.108,0.00365606648847,0.064721868632,0
2.74365777736e-07,0.023,6.57851478536e-06,0.038789083504,0
0.713651821433,0.07,0.000108382140752,0.078575907648,0
0.111162322504,0.162,0.0172803997993,0.0349380024891,0
0.576652426908,0.124,0.00632990244776,0.0907624096627,0
0.0094873323668,0.075,0.00137013290077,0.0361976037209,0
0.000130146111899,0.031,4.11686014559e-05,0.0635516704446,0
2.3075192205e-10,0.008,9.8981240626e-07,0.0637513410289,0
0.0914248697095,0.005,2.05105811801e-06,0.0409652012024,0
0.000754893396871,0.019,2.41224079218e-05,0.017854025561,0
1.27348851702e-06,0.012,2.35822108152e-06,0.0696083079483,0
0.0107607207611,0.061,0.00176790810656,0.0607510873427,0
0.123646444783,0.05,0.00362786650658,0.0259004234007,0
2.41517042789e-05,0.08,2.13590628846e-05,0.0601876293547,0
6.39459322862e-08,0.019,1.4809647837e-06,0.0338637265108,0
2.52383447182e-08,0.008,1.90099365227e-06,0.0327151781526,0
0.742688577255,0.09,0.000146822756506,0.0266417487042,0
0.000457881517457,0.029,4.54408364021e-05,0.0425768784829,0
4.72935710843e-06,0.008,5.38251197213e-06,0.0249766272876,0
0.0468884928161,0.015,1.02323565443e-05,0.0434917374584,0
2.36575781161e-06,0.052,3.94403559767e-06,0.069526210363,0
0.013056952623,0.054,4.32683373219e-05,0.0894050960168,0
0.00935040436732,0.069,0.000999189913273,0.052652771908,0
4.45227011819e-11,0.002,5.51327445919e-07,0.0254475846107,0
2.62778752505e-07,0.027,4.96014981763e-05,0.0722766544379,0
0.00280823504221,0.033,6.64816116114e-06,0.0130465700526,0
0.970956297017,0.237,0.608342111111,0.843927604019,1
0.0860649287213,0.024,0.000511351507157,0.0372769043214,0
0.000432144735244,0.058,0.0237362161279,0.0784808294156,0
1.28364353262e-05,0.019,1.04180717244e-05,0.0299693558271,0
0.974536417119,0.152,0.789022505283,0.391117241069,1
0.0153312531329,0.091,0.00174205715302,0.166492362899,0
0.97374594986,0.023,0.000219945606659,0.0578284870413,0
5.14034357619e-12,0.004,1.15891850783e-06,0.0630086741352,0
0.174576550086,0.057,0.00171021127608,0.116874150792,0
0.000727362909772,0.13,0.0156565196812,0.10018711812,1
1.62493009053e-09,0.003,1.00414063127e-05,0.0604106384175,0
0.0229504510053,0.116,0.000515878491569,0.0619800869356,0
0.004364299391,0.065,2.4381413823e-05,0.0608865737066,0
2.87145478136e-07,0.03,1.88982824056e-06,0.0490525792213,0
0.0632160092593,0.161,0.0170089956373,0.587663385499,0
0.344708743068,0.058,0.00202357885428,0.0362798103417,0
2.15989294511e-06,0.048,1.90060854948e-05,0.0639248976534,0
1.79821399525e-06,0.018,5.76946558795e-06,0.0383038805341,0
5.29675388121e-08,0.011,6.45503969281e-05,0.0495374266574,0
2.42460671765e-05,0.037,7.11251050234e-06,0.0757993749107,0
0.310131367241,0.052,1.81411814992e-05,0.0732736444052,0
0.0295273357032,0.11,0.000135492620757,0.0672161837315,0
0.10642241484,0.046,0.00223645218648,0.0371732662562,0
0.0657628206641,0.058,2.43235881499e-05,0.0631206311508,0
0.957595077648,0.158,0.0376311913133,0.153138630546,0
0.007574705002,0.017,1.84184921181e-06,0.0235822760842,0
0.111886097386,0.181,0.0245314445347,0.241645122462,0
1.79254784831e-14,0.035,8.74637044035e-06,0.0704209909864,0
1.14199516323e-08,0.018,1.99173456394e-07,0.0367043748058,0
0.217613353232,0.082,0.000982118886895,0.0420321776798,0
0.595153767687,0.05,0.000685044622514,0.0272780351928,0
3.77190145031e-08,0.076,0.000266912422376,0.0784935889717,0
0.0347685813934,0.054,0.000477766647236,0.0391878755969,0
0.0885225876915,0.152,0.000674255366903,0.142406307807,0
0.0005459369706,0.059,0.00153101189062,0.0641974090244,0
0.263898106051,0.132,0.00616869376972,0.074342936203,0
0.0244911022552,0.047,0.000105441227788,0.0196653587787,0
4.58203304644e-12,0.02,1.41481598348e-06,0.0784739982559,0
0.0157809036089,0.056,0.00443921983242,0.0412946439663,0
0.000142878750499,0.033,6.36705954093e-05,0.0179610122907,0
0.0466437930437,0.064,0.00084066420095,0.070370299631,0
0.0642609738107,0.119,0.0021938662976,0.0540790635387,0
0.106160495024,0.085,0.00177940924186,0.0601950593905,0
0.0485241827382,0.059,0.000307085108943,0.0562998226258,0
0.659298329084,0.043,0.0014890487073,0.0239854963948,0
0.231307676652,0.069,0.00191462750081,0.115384831378,0
0.00947757525179,0.033,2.27076202464e-06,0.0581725560557,0
1.67538314364e-05,0.071,0.000106230741949,0.0894212940362,0
6.72037293156e-07,0.033,4.23222718382e-06,0.04634476306,0
4.59591352832e-08,0.07,0.000615946308244,0.0776771465766,0
0.901615173181,0.249,0.186378702521,0.795356097934,1
0.000122195860541,0.043,1.69806935446e-05,0.070613884855,0
0.000763826686657,0.033,0.000169530481799,0.0728477206606,0
0.999164800939,0.212,0.0513988658786,0.950601641202,1
0.457717236477,0.071,1.77890833584e-05,0.0426880506738,0
0.000648756400372,0.078,0.00118577270769,0.0762504704819,0
0.000854416018549,0.046,4.23521305493e-05,0.0484498927013,0
0.00388548843593,0.067,0.00245525175706,0.0639193431708,0
0.448123866759,0.099,0.0542084090412,0.0688051364305,0
0.00130523202215,0.023,0.000202577066375,0.0449942826051,0
2.45545090073e-07,0.087,0.00197243993171,0.0784935889717,0
7.3324513821e-07,0.009,8.61003263708e-06,0.0341280844091,0
0.0622668241372,0.115,0.0278994161636,0.0913002280134,0
0.997878681894,0.103,0.000597303791437,0.0785559640913,1
0.00271513869992,0.01,1.47200228184e-06,0.0314437145803,0
2.77432783964e-05,0.032,2.4839580874e-05,0.00489888128125,0
0.00141173065208,0.003,1.88826743397e-05,0.0308284772077,0
1.56154689497e-08,0.054,0.000179069611477,0.0710937452964,0
0.990105429465,0.131,0.0898567810655,0.147909305835,0
0.873402387821,0.044,0.0073976656422,0.0795652163937,0
0.9926640095,0.061,0.000166091034771,0.0563793778849,0
2.83704013668e-06,0.012,8.68778806762e-06,0.0367134584133,0
0.830647332131,0.164,0.0778650641441,0.443965275402,0
0.0134165592963,0.116,9.28250301513e-05,0.0165619290965,0
0.965785912865,0.086,0.000472091516713,0.104895750222,1
0.00202793985787,0.054,1.07435880636e-05,0.0610830659837,0
0.00444421763923,0.054,0.00344323273748,0.023887575288,0
0.00325004194842,0.052,0.0260381661355,0.0733535349408,0
0.76664118474,0.178,0.0961548984051,0.544821753951,0
9.44627420718e-14,0.005,3.58517718269e-06,0.0426679408177,0
5.60523141372e-11,0.07,0.000829780532513,0.0784903808841,0
0.21347079082,0.126,0.0191233064979,0.141231903173,0
0.00190674186992,0.0,1.6650200223e-06,0.0164150821489,0
0.0476630967536,0.093,0.00166988908313,0.146293362485,0
0.00358131783606,0.072,0.00328491046093,0.0796463880706,0
0.00102653774096,0.062,1.17665185826e-05,0.0780632822647,0
0.0103931762261,0.039,1.09153852463e-05,0.0339750163045,0
8.75521243608e-05,0.037,2.15956461034e-05,0.066838012991,0
2.26153132145e-05,0.045,9.6875570307e-05,0.0748329366211,0
0.000417351337242,0.055,0.000337586068781,0.0562556543773,0
0.65412672619,0.287,0.905086696148,0.398374704217,1
8.36959990158e-05,0.009,6.5067115429e-06,0.0763017716026,0
0.94276395954,0.209,0.0951588898897,0.178870304276,0
0.0265008211721,0.032,0.000337626610417,0.0210187946589,0
0.00358569346946,0.066,0.000453523010947,0.0784935881894,0
0.999705788591,0.229,0.996667802334,0.0975292400126,1
8.2285366775e-06,0.037,3.94866856368e-06,0.0246758244725,0
1.16415712569e-05,0.067,0.0037518653553,0.119831656593,0
0.0102261863929,0.074,1.49037750816e-05,0.0176691012653,0
0.999403373438,0.271,0.997775614262,0.0907885557245,1
2.43647560302e-08,0.027,8.32600903777e-07,0.0633349659449,0
0.94207843406,0.08,0.00428941333666,0.690041447801,1
0.00411092558494,0.095,0.00104088603985,0.0209899512823,0
0.00069315051705,0.08,0.000777221575845,0.0379402797225,0
0.009911036943,0.032,2.38318102674e-06,0.0292465363293,0
9.31161521773e-07,0.021,8.60057934915e-06,0.0530635356543,0
0.965924743291,0.325,0.974945902824,0.105041846406,0
4.91622819064e-06,0.003,4.15129534304e-06,0.0427165595771,0
1.11559243353e-10,0.031,1.82424935247e-06,0.060068134619,0
0.14359452146,0.23,0.376374304295,0.737753343037,1
0.80728363828,0.108,0.0305158756673,0.130541310807,0
0.199453483983,0.138,0.0434104986489,0.096271756943,0
0.121021672415,0.038,3.92005349568e-05,0.0520538102912,0
7.31968418046e-12,0.023,1.51561209805e-06,0.0774784787614,0
7.44276944983e-06,0.142,0.193400323391,0.0784935889717,0
5.55133714405e-06,0.026,4.07388006352e-06,0.0617728001639,0
0.742086769513,0.118,0.189793542027,0.136186321427,0
3.8481505365e-06,0.014,5.1763963711e-06,0.00558139016173,0
4.97817245356e-05,0.039,1.47268710862e-05,0.0479497468796,0
1.24938759813e-12,0.001,6.5690522888e-07,0.043124038813,0
0.0421397806974,0.06,0.00333363376558,0.266469218422,0
5.69431496736e-07,0.007,4.23756830514e-07,0.0351178863871,0
1.91978974327e-10,0.006,3.42570700695e-07,0.031119316372,0
0.57860526716,0.13,0.0117820007727,0.0726271873445,0
9.92542361868e-06,0.034,1.63442359735e-06,0.0674308646513,0
0.170010010902,0.047,0.00860846787691,0.0209762905259,0
3.35777445587e-11,0.025,1.01836430986e-05,0.0552449669715,0
1.42173233911e-07,0.226,0.0458032414317,0.0877724922771,0
0.508601865833,0.138,0.00858663022518,0.0806828012038,0
0.00625803085847,0.046,2.61457489614e-06,0.0855132407299,0
0.746070447769,0.068,3.95848655899e-06,0.0900125322886,0
0.0055506806495,0.064,0.000481935363496,0.0691567755003,0
1.46949907407e-10,0.024,1.39633664276e-06,0.0422093559562,0
3.07011183774e-06,0.064,0.00720190443099,0.0784904671945,0
6.8311889987e-05,0.012,9.98314571916e-05,0.0197992567913,0
0.712826241969,0.098,0.0122843673453,0.105101226544,0
0.0747303905479,0.088,0.00716682523489,0.0351241263365,0
1.802153483e-13,0.052,7.76315300755e-06,0.0784935889638,0
0.00480888134523,0.082,0.000926556473132,0.055303043192,0
9.94240576209e-05,0.054,0.000122893296066,0.0861717262028,0
0.0824299369016,0.094,0.0261226501316,0.5,0
0.642687723385,0.092,0.000982449622825,0.14320172107,0
3.84980578112e-06,0.082,0.00196498678997,0.0616983304694,0
0.404431637054,0.061,0.00446751248091,0.0442334117281,0
2.91960625304e-06,0.028,1.68510578078e-05,0.0505767080837,0
0.0677271221221,0.058,0.0010143177351,0.0256802076744,0
0.00135333715811,0.012,4.35756555817e-06,0.0422801521255,0
0.000459201469017,0.025,4.9200734793e-05,0.0632487262021,0
0.00225670993792,0.095,0.00144600623753,0.0753646891486,0
3.44489699879e-05,0.088,0.00159637955949,0.0535894725482,0
5.18705530298e-10,0.004,1.16770502245e-06,0.0668814987994,0
5.7676957226e-11,0.004,3.64186064417e-07,0.0400300358647,0
0.02930632949,0.065,0.000846771814395,0.0739019110879,0
1.90023761359e-05,0.048,0.000457128306152,0.0690808982518,0
0.0325676528991,0.061,0.000193660438526,0.0771489818363,0
2.21902040301e-17,0.002,2.83405006485e-06,0.0702917314805,0
0.317207570901,0.133,0.00261396146379,0.108640965891,0
1.39444447672e-05,0.003,1.95016000362e-05,0.0261526100544,0
0.00416828520694,0.052,0.00163598218933,0.0672871012176,0
0.0790082507932,0.103,0.000147199709318,0.0517985077888,0
0.025372181757,0.068,0.000465107092168,0.0838496578515,0
0.00178379171092,0.002,5.29927888238e-07,0.0233153495023,0
4.75691413499e-11,0.001,1.30890657601e-06,0.0332695438842,0
1.69181115361e-16,0.0,1.06214611151e-05,0.0495468973736,0
0.00532123022126,0.025,1.13024680104e-05,0.0530862000022,0
0.111103947384,0.094,0.00381564092822,0.0950419011901,0
0.670772863047,0.108,0.00949151720852,0.10055163293,0
1.5452484003e-05,0.005,2.27223972615e-05,0.0341013992074,0
0.0694644546307,0.178,0.0992702841759,0.160673388463,0
0.0243915750158,0.124,0.00406208960339,0.0986260938766,0
0.124032023736,0.073,0.00109717831947,0.0247400885678,0
0.00235906826978,0.054,5.61425476917e-05,0.0629503043864,0
4.43994504248e-08,0.027,1.27090038404e-06,0.0534722484894,0
0.000422832088422,0.052,0.00140654179268,0.218616816593,0
0.997599241569,0.54,0.960353255272,0.0858082010406,1
0.00124465885004,0.424,0.691507875919,0.0785844819936,0
0.946563792058,0.111,0.0355463922024,0.0803622920466,0
0.484181517463,0.091,0.000995430513285,0.0816975872375,0
2.29259107199e-09,0.054,5.71134223719e-05,0.0610103730791,0
9.64884513084e-08,0.001,2.09877248381e-06,0.0270728912599,0
0.499735826993,0.033,6.10133383816e-06,0.0147301312174,0
0.000123874996547,0.032,1.46069733091e-05,0.0342635942982,0
0.292762846482,0.095,0.0049505783245,0.0409289465865,1
0.0198320219118,0.026,9.23361767491e-06,0.066537848756,0
0.000216233098895,0.014,0.000568082963582,0.0355656872119,0
0.00235899419024,0.003,2.42577607423e-06,0.0214336205971,0
8.41576748995e-05,0.027,6.57269192743e-05,0.0404247443477,0
0.000445520197223,0.042,0.00500780111179,0.0738603875648,0
0.000912149053304,0.001,1.05443382381e-06,0.014362577498,0
0.189981327497,0.056,0.00213436596096,0.155521219127,0
0.00206318881549,0.068,0.000232506077737,0.0644990186063,0
0.748155257297,0.273,0.0745342001319,0.842892194319,1
0.00594520349509,0.055,0.000698862830177,0.0331736792987,0
0.00778697271874,0.111,0.000501888280269,0.0593039097681,0
0.0512034904411,0.131,0.000667753454763,0.130061841708,0
0.127365989233,0.068,2.20492929657e-05,0.0784935856451,0
0.810837629493,0.037,4.51492705906e-05,0.0376645683444,0
0.000616736604723,0.0,1.38739205795e-05,0.0268534150691,0
0.256200291466,0.07,0.00058927142527,0.0840804554946,0
0.102751707739,0.096,0.000802477705292,0.054884483444,0
0.00567891945662,0.037,7.84523290349e-05,0.0520894220812,0
0.999958852473,0.334,0.331745505333,0.107654546854,1
1.47492199455e-13,0.002,3.16705154546e-06,0.0382106370312,0
0.000464922833306,0.026,7.15712521924e-05,0.0361373814628,0
0.00210416175347,0.025,1.97617373487e-05,0.0101839321269,0
0.000761763746951,0.042,7.03531550243e-05,0.0612974041789,0
0.000884785908979,0.051,0.000271960336249,0.0784935887087,0
0.0948469572462,0.12,0.00633449619636,0.0833587249802,0
0.885377514315,0.046,3.46409942722e-05,0.027460163572,0
2.10805113945e-06,0.001,1.42563783356e-06,0.045595510979,0
0.292894725331,0.179,0.0499848499894,0.472637213788,1
2.6558316532e-05,0.091,0.00163914251607,0.0600983566697,0
0.00446049209397,0.043,7.7172080637e-05,0.0490564874201,0
2.15020177845e-08,0.039,0.00011530957272,0.046938499383,0
0.103221932308,0.067,0.00342320324853,0.143397094341,0
0.36432896236,0.099,0.0130937853828,0.120426962881,0
0.475842274595,0.091,0.00338200991973,0.111803634636,0
2.10594530567e-09,0.027,8.34543316159e-05,0.0619643892729,0
0.736152393112,0.134,0.00517984526232,0.341703719408,1
0.99788465539,0.01,0.000108593601908,0.0332014285043,0
0.844075322168,0.162,0.167628973722,0.6027060307,1
0.149563163859,0.053,0.000303851644276,0.042037281103,0
0.00245508241282,0.053,6.75351620885e-05,0.0227888466575,0
0.000269229879583,0.007,1.48149877077e-06,0.0336402205272,0
3.64349674204e-05,0.051,0.000260215718299,0.0775343067462,0
1.90402342827e-07,0.022,1.65038886735e-06,0.0265062773438,0
0.627919655101,0.174,0.00323166116141,0.758960699145,0
2.94615638964e-11,0.002,1.61486022989e-05,0.0283607868086,0
0.00337014349789,0.024,0.000238383014221,0.0303176126915,0
0.0390588549566,0.071,0.000123465550132,0.0530568892949,0
0.0665593772699,0.112,0.00262562953867,0.169904575951,0
0.370616947268,0.082,0.00162501283921,0.0817410980641,0
0.975476041267,0.136,0.00984571781009,0.131570533637,1
0.602275107688,0.078,0.0251176785678,0.14138256121,0
0.538149531055,0.14,0.03768203035,0.0926298396328,0
0.0344908490517,0.083,0.00644635828212,0.0626956660485,0
1.77921808558e-05,0.017,4.94706046084e-06,0.0181021929079,0
0.0401561305999,0.003,4.14949172409e-05,0.0362590757181,0
1.36326977032e-08,0.051,7.39195365895e-06,0.078493588338,0
0.990216215085,0.288,0.0494936220348,0.434866730344,0
0.0010863501574,0.034,9.46608997765e-05,0.0317168905777,0
0.515291951955,0.07,0.00237828330137,0.0786393058853,0
0.94819045645,0.162,0.393991798162,0.547196239099,1
0.00355904019257,0.114,0.00399829121307,0.0784518889023,0
0.582664987058,0.334,0.263743251562,0.661913502723,1
1.48694783172e-12,0.003,2.8815782116e-07,0.0381707541997,0
0.129278471509,0.132,0.000347672932548,0.065213770838,0
3.78881189981e-08,0.075,3.76056254936e-06,0.0758865608837,0
3.23977516419e-05,0.005,1.78727020739e-06,0.0543377712632,0
1.33779072263e-06,0.041,2.30986424867e-05,0.0638118605746,0
0.000450044845062,0.05,0.00472680525854,0.0161233377755,0
0.202368341817,0.042,2.57031697402e-05,0.0415910385965,0
0.480835078445,0.108,0.107910141349,0.1008932074,0
0.00523754694633,0.106,0.095986507833,0.202938023463,0
0.0257559747891,0.043,8.73699245858e-05,0.0391468391582,0
0.43306049634,0.393,0.0366123840213,0.236687518319,0
0.54350686196,0.107,0.000434689951362,0.137079205209,0
0.190778072727,0.079,0.000999271753244,0.215348068793,0
1.67037200782e-05,0.005,5.25259965798e-05,0.0547666811387,0
5.33976770869e-05,0.093,0.00354109844193,0.0637130966896,0
3.1861435804e-05,0.0,9.16802036954e-07,0.0234578154831,0
0.0972243009301,0.092,0.0266063734889,0.0745961868967,0
7.13143442549e-05,0.027,8.27110670798e-06,0.0415370735781,0
0.275377722537,0.103,0.00908844172955,0.0678291212898,0
0.642214182535,0.063,0.000190626407857,0.0408298308874,0
1.93429536483e-09,0.002,8.76779779446e-07,0.0281861259954,0
0.663566707136,0.204,0.713519752026,0.0936626658917,1
0.685510338964,0.137,0.00378035404719,0.0706518718659,0
0.0334692636776,0.037,2.48108390224e-05,0.071424975092,0
0.310545340505,0.017,0.000239187822444,0.031695838951,0
4.30745430271e-06,0.047,4.49884464615e-05,0.0677263840762,0
0.00630079543856,0.007,6.39294557914e-06,0.0312134101325,0
0.00329414736698,0.073,0.000931619550101,0.0389397511851,0
0.000314368025519,0.036,2.56086786976e-05,0.0611546591656,0
2.59318450559e-09,0.004,1.35136633617e-05,0.0308316874302,0
0.000748481021712,0.028,8.29148461889e-07,0.0191554933125,0
0.0111793284041,0.094,0.000603663618676,0.0402530807663,0
4.83766130719e-07,0.022,4.03210879085e-06,0.0568002397969,0
0.0266154225119,0.043,0.00076182623161,0.0349820545697,0
0.859029113019,0.08,0.0215604789555,0.0784985356629,0
0.710909500664,0.173,0.0565470904112,0.340870540214,0
0.0986298138883,0.339,0.195476189256,0.10809967885,1
7.89154018545e-07,0.002,5.16646832693e-06,0.0357483923125,0
0.101170282137,0.031,0.000382686994271,0.0296979254753,0
0.304937858654,0.045,0.000498815847095,0.0746427888613,0
0.00201796120866,0.231,0.0140875224024,0.0692973943707,0
0.975097494702,0.15,0.232068806887,0.361288364381,0
1.8939732606e-06,0.043,1.55946909217e-05,0.0402509164149,0
1.27588866096e-09,0.001,1.14318233102e-07,0.0297334332965,0
0.000152849099689,0.084,0.000165198813193,0.0863785684794,0
3.66847575321e-11,0.005,2.82164478449e-06,0.0608931833596,0
0.002216838684,0.055,0.00125696510077,0.0724315360301,0
4.05619966309e-05,0.032,2.3968221285e-05,0.0196265722331,0
1.02430342648e-06,0.06,0.000140135744005,0.0784931200232,0
2.20577272523e-06,0.064,9.01225503185e-05,0.0547589686091,0
0.00615655900841,0.072,0.000680486264173,0.061354580479,0
0.136175830481,0.244,0.131649047136,0.0976173957903,0
2.94005227453e-06,0.001,1.68169174231e-06,0.0322422561414,0
2.60640197892e-12,0.018,6.97936775396e-06,0.072112998534,0
0.0204061834333,0.212,0.00603732978925,0.221103206183,0
0.0116466729878,0.108,3.41798804584e-05,0.0509054578848,0
0.912767744024,0.09,0.00294898916036,0.027716959395,0
0.00858199095363,0.051,4.61809613626e-05,0.0243234039543,0
0.872714978552,0.247,0.26810631156,0.763205837644,1
1.12578805848e-09,0.007,2.10686016544e-06,0.0500529249741,0
0.0654127246545,0.055,0.00101982092019,0.076223789474,0
0.128211237589,0.146,0.0098909959197,0.56304423994,1
0.000100091685327,0.007,1.06884488105e-06,0.0475649749568,0
0.664944001944,0.15,0.0636641904712,0.782797978322,0
0.00309197406298,0.113,0.000375231611542,0.0245595875014,0
0.00232405493479,0.006,6.02538020757e-05,0.038208717038,0
2.9121048574e-07,0.038,6.28844645689e-05,0.0773603093274,0
1.22588551892e-07,0.047,3.2048275898e-05,0.0383882970261,0
0.54329649109,0.127,0.00669810920954,0.654031633947,1
0.72344711258,0.159,0.151681646705,0.0825976826161,0
0.000628193285296,0.045,6.40563030174e-07,0.0074762017976,0
5.61714908477e-07,0.032,0.000926612585317,0.0543824048264,0
0.00078864589383,0.062,0.00204446259886,0.0561192307162,0
2.79365677217e-06,0.02,1.13525602501e-05,0.0612456450958,0
3.28898878982e-08,0.021,1.20139784485e-05,0.0318947232912,0
0.108590857585,0.082,0.00117312476505,0.0819997959048,0
0.0235301108134,0.033,0.000883224711288,0.0411072471261,0
0.0135921409986,0.079,0.000910928822123,0.0787044973253,0
0.000538144122638,0.06,7.53317499402e-06,0.058894253646,0
0.629702905774,0.044,0.00103546306491,0.0189666844072,0
0.284653703893,0.071,0.000178561007488,0.143604853621,0
5.77143936904e-05,0.05,0.000144631470903,0.0816080605513,0
0.434055185673,0.198,0.139217376709,0.597471305593,0
0.0059489501416,0.464,0.370177507401,0.210085395754,0
0.00431601212966,0.117,0.00327715254389,0.0716931203984,0
0.816175800703,0.371,0.0227395929396,0.0779086624518,0
1.74730608108e-10,0.008,3.54131771019e-05,0.0492904059517,0
3.09215142938e-07,0.055,5.50539298274e-05,0.053247623445,0
1.76720095899e-05,0.026,7.66537559684e-05,0.0482545620857,0
0.000171569522638,0.002,1.11237613964e-05,0.0327537773345,0
0.0136277486679,0.052,0.000331624003593,0.050280844067,0
4.1917409704e-09,0.066,1.42895514728e-05,0.078310709842,0
4.66065036139e-06,0.026,7.48231759644e-05,0.0527155992844,0
0.00566820133382,0.09,0.038644682616,0.111190225437,0
8.84873802564e-06,0.107,0.00200401595794,0.0690401548733,1
0.0326647888585,0.119,0.00573323573917,0.0963588385289,0
0.000373828591551,0.009,3.21744118992e-05,0.0441350713382,0
0.0388591921401,0.085,2.15812160604e-05,0.0775393609835,0
0.398309263337,0.106,0.0700802132487,0.156257708528,1
0.0574776287012,0.119,0.018576124683,0.102483668628,0
0.946965302867,0.141,0.000357500044629,0.080555193331,0
9.38535261866e-07,0.041,5.40685232409e-06,0.023432117719,0
0.394392446511,0.132,0.00260546058416,0.0865916533455,0
0.000307080951869,0.131,0.000531291589141,0.0851901369632,1
3.72848785989e-14,0.046,1.0580536582e-05,0.0784935592613,0
0.769650153458,0.12,0.0105424327776,0.0876612938302,0
0.00172289568521,0.043,0.000786197721027,0.0784858285059,0
0.205328103246,0.074,0.000433324254118,0.0968879659563,0
2.1556601063e-09,0.009,7.20407188055e-05,0.028047494985,0
1.8847668664e-05,0.037,8.88611248229e-06,0.0598159979781,0
0.839569578677,0.074,0.00502910092473,0.0762983973422,0
0.000285891948074,0.065,0.00120923994109,0.0787416371303,0
0.00225931523674,0.064,0.00521251698956,0.0718432124541,0
